sample_number,monkey_id,Group,sample,plot_name,CFU,260/280 Ratio 1,260/280 Ratio 2,Avg. 260/280,Avg. 260,DNA Concentration(µg/ml),Sequencing Plate
A1,3919,CD4 depleted; IV BCG - 5e7,RMS Br LN 1 gran,RMS_Br_LN_gr_1,5700,2.164959746,2.175774393,2.17036707,0.6214,31.07,2022_Flynn_Plate 1
A2,3919,CD4 depleted; IV BCG - 5e7,RMS Br LN 2,RMS_Br_LN_gr_2,435,1.627,1.632,1.6295,47.872,2393.6,2022_Flynn_Plate 1
A3,3919,CD4 depleted; IV BCG - 5e7,RLL,RLL,440,1.522,1.418,1.47,58.12,2906,2022_Flynn_Plate 1
A4,3919,CD4 depleted; IV BCG - 5e7,RLL gran 1,RLL_gr_1,5040,2.054869521,2.06001817,2.057443846,0.9744,48.72,2022_Flynn_Plate 1
A5,3919,CD4 depleted; IV BCG - 5e7,RLL gran 3,RLL_gr_3,2160,1.55031232,1.791217104,1.670764712,1.7419,87.095,2022_Flynn_Plate 1
A6,3919,CD4 depleted; IV BCG - 5e7,RLL gran 4,RLL_gr_4,3740,2.123429399,2.105914875,2.114672137,3.13595,156.7975,2022_Flynn_Plate 1
A7,3919,CD4 depleted; IV BCG - 5e7,RLL gran 5,RLL_gr_5,2080,2.020814203,2.017392355,2.019103279,2.32465,116.2325,2022_Flynn_Plate 1
A8,3919,CD4 depleted; IV BCG - 5e7,RLL gran 6,RLL_gr_6,7400,1.981696479,2.017291758,1.999494119,0.8302,41.51,2022_Flynn_Plate 1
A9,3919,CD4 depleted; IV BCG - 5e7,RLL gran 7,RLL_gr_7,7600,2.373729749,2.425190311,2.39946003,1.285,64.25,2022_Flynn_Plate 1
A10,3919,CD4 depleted; IV BCG - 5e7,RLL gran 8,RLL_gr_8,3000,1.936007334,1.926608838,1.931308086,3.0661,153.305,2022_Flynn_Plate 1
A11,3919,CD4 depleted; IV BCG - 5e7,RLL gran 9,RLL_gr_9,2600,2.190556552,1.03172738,1.611141966,1.0582,52.91,2022_Flynn_Plate 1
A12,3919,CD4 depleted; IV BCG - 5e7,RLL gran 10,RLL_gr_10,7800,2.011488007,2.050314465,2.030901236,0.7898,39.49,2022_Flynn_Plate 1
A13,3919,CD4 depleted; IV BCG - 5e7,RLL gran A,RLL_gr_A,1980,2.017399589,1.982704848,2.000052219,0.939975,46.99875,2022_Flynn_Plate 1
A14,3919,CD4 depleted; IV BCG - 5e7,RLL gran B,RLL_gr_B,1760,2.126937949,2.148076412,2.137507181,1.428975,71.44875,2022_Flynn_Plate 1
A15,3919,CD4 depleted; IV BCG - 5e7,LUL,LUL,20,1.383,1.384,1.3835,24.205,1210.25,2022_Flynn_Plate 1
B1,4019,CD4 depleted; IV BCG - 5e7,R cran HLN gran,R_cran_HLN_gr_1,448000,1.937223606,1.952452886,1.944838246,2.753975,137.69875,2022_Flynn_Plate 1
B2,4019,CD4 depleted; IV BCG - 5e7,R carinal LN,R_carinal_LN,1050,1.524,1.497,1.5105,56.525,2826.25,2022_Flynn_Plate 1
B3,4019,CD4 depleted; IV BCG - 5e7,L carinal LN gran,L_carinal_LN_gr_1,455,2.071050577,2.074953976,2.073002277,0.594275,29.71375,2022_Flynn_Plate 1
B4,4019,CD4 depleted; IV BCG - 5e7,LML (GM),LML_gr_1,26.9811321,1.317,1.313,1.315,23.415,1170.75,2022_Flynn_Plate 1
B5,4019,CD4 depleted; IV BCG - 5e7,RLL (GM),RLL_gr_1,83168.2338,1.582,1.557,1.5695,65.858,3292.9,2022_Flynn_Plate 1
B6,4019,CD4 depleted; IV BCG - 5e7,RLL gran 1 (GM),RLL_gr_1,260000,2.249735076,2.245373236,2.247554156,2.668275,133.41375,2022_Flynn_Plate 1
B7,4019,CD4 depleted; IV BCG - 5e7,RLL gran 2 (GM),RLL_gr_2,148000,1.885846567,1.925549643,1.905698105,0.921275,46.06375,2022_Flynn_Plate 1
B8,4019,CD4 depleted; IV BCG - 5e7,RLL gran 3 (GM),RLL_gr_3,505000,2.130633853,2.087436281,2.109035067,2.577525,128.87625,2022_Flynn_Plate 1
B9,4019,CD4 depleted; IV BCG - 5e7,RLL gran 4 (GM),RLL_gr_4,17200,2.028931912,2.037185228,2.03305857,1.618025,80.90125,2022_Flynn_Plate 1
B10,4019,CD4 depleted; IV BCG - 5e7,RLL gran A (GM),RLL_gr_A,37600,2.151959894,2.012525801,2.082242848,1.630175,81.50875,2022_Flynn_Plate 1
F1,4419,CD4 depleted; IV BCG - 5e7,R cran HLN,R_cran_HLN,35,1.38,1.377,1.3785,2.826825,141.34125,2022_Flynn_Plate 1
F2,4419,CD4 depleted; IV BCG - 5e7,L cran HLN 1,L_cran_HLN_gr_1,525,1.048,1.012,1.03,0.733,36.65,2022_Flynn_Plate 1
F4,4419,CD4 depleted; IV BCG - 5e7,R carin LN gran,R_carinal_LN_gr_1,217800,1.801805159,1.858517105,1.830161132,22.743,1137.15,2022_Flynn_Plate 1
F5,4419,CD4 depleted; IV BCG - 5e7,L carin LN ,L_carinal_LN,40,1.529,1.568,1.5485,2.045,102.25,2022_Flynn_Plate 1
F6,4419,CD4 depleted; IV BCG - 5e7,Post Paratrach LN,Post_paratrach_LN,280,1.48,1.435,1.4575,1.367,68.35,2022_Flynn_Plate 1
F7,4419,CD4 depleted; IV BCG - 5e7,Spleen,Spleen,30,1.376,1.376,1.376,17.077,853.85,2022_Flynn_Plate 1
F8,4419,CD4 depleted; IV BCG - 5e7,RLL,RLL,210,1.343,1.341,1.342,46.821,2341.05,2022_Flynn_Plate 1
F9,4419,CD4 depleted; IV BCG - 5e7,RLL gran 1,RLL_gr_1,155000,1.845810686,1.627636443,1.736723565,1.011375,50.56875,2022_Flynn_Plate 1
F10,4419,CD4 depleted; IV BCG - 5e7,RLL gran 2,RLL_gr_2,59000,1.916203721,1.816780434,1.866492078,2.688825,134.44125,2022_Flynn_Plate 1
F11,4419,CD4 depleted; IV BCG - 5e7,RLL gran 3,RLL_gr_3,65000,1.27289339,1.263533531,1.268213461,1.125775,56.28875,2022_Flynn_Plate 1
F12,4419,CD4 depleted; IV BCG - 5e7,LLL,LLL,1830,1.546,1.556,1.551,55.837,2791.85,2022_Flynn_Plate 1
I1,4719,CD4 depleted; IV BCG - 5e7,R carin LN gran,R_carinal_LN_gr_1,735000,1.928931997,1.904375534,1.916653766,1.393375,69.66875,2022_Flynn_Plate 1
I2,4719,CD4 depleted; IV BCG - 5e7,L carin LN,L_carinal_LN,420,1.45,1.454,1.452,65.264,3263.2,2022_Flynn_Plate 1
I3,4719,CD4 depleted; IV BCG - 5e7,RLL,RLL,5480,1.662,1.658,1.66,54.412,2720.6,2022_Flynn_Plate 1
I4,4719,CD4 depleted; IV BCG - 5e7,RLL GRAN 1,RLL_gr_1,300000,2.062034794,1.794610238,1.928322516,2.263425,113.17125,2022_Flynn_Plate 1
I5,4719,CD4 depleted; IV BCG - 5e7,RLL GRAN 2/3,RLL_gr_2_3,192000,1.611260786,1.911198118,1.761229452,2.406075,120.30375,2022_Flynn_Plate 1
I6,4719,CD4 depleted; IV BCG - 5e7,RLL GRAN 4,RLL_gr_4,9500,1.246552351,1.028862664,1.137707508,2.521175,126.05875,2022_Flynn_Plate 1
I7,4719,CD4 depleted; IV BCG - 5e7,RLL GRAN 5,RLL_gr_5,154000,2.027708768,1.993567404,2.010638086,3.060575,153.02875,2022_Flynn_Plate 1
I8,4719,CD4 depleted; IV BCG - 5e7,LUL,LUL,160,1.277,1.271,1.274,12.531,626.55,2022_Flynn_Plate 1
I9,4719,CD4 depleted; IV BCG - 5e7,ACC,ACC,1960,1.641,1.647,1.644,0.172,8.6,2022_Flynn_Plate 1
I10,4719,CD4 depleted; IV BCG - 5e7,Liver,Liver,385,1.611,1.612,1.6115,28.273,1413.65,2022_Flynn_Plate 1
I11,4719,CD4 depleted; IV BCG - 5e7,Rax LN,R_Ax_LN,2,1.774597189,1.822568243,1.798582716,0.247925,12.39625,2022_Flynn_Plate 1
K1,4919,CD4 depleted; IV BCG - 5e7,R carin LN gran,R_carinal_LN_gr_1,11580,2.045865362,2.035559707,2.040712535,2.214825,110.74125,2022_Flynn_Plate 1
K2,4919,CD4 depleted; IV BCG - 5e7,RLL LN,RLL_LN,17.5,1.47,1.475,1.4725,1.093,54.65,2022_Flynn_Plate 1
K3,4919,CD4 depleted; IV BCG - 5e7,RLL,RLL,4590,1.618,1.622,1.62,47.727,2386.35,2022_Flynn_Plate 1
K4,4919,CD4 depleted; IV BCG - 5e7,RLL gran 2 GM,RLL_gr_2,18800,1.461291014,1.420793703,1.441042359,0.7739,38.695,2022_Flynn_Plate 1
K5,4919,CD4 depleted; IV BCG - 5e7,RLL gran 5 GM,RLL_gr_5,2240,2.127603503,2.1326522,2.130127852,2.5142,125.71,2022_Flynn_Plate 1
K6,4919,CD4 depleted; IV BCG - 5e7,RLL gran 6 GM,RLL_gr_6,12000,1.779913455,1.796003166,1.787958311,1.79205,89.6025,2022_Flynn_Plate 1
K7,4919,CD4 depleted; IV BCG - 5e7,RLL gran 7 GM,RLL_gr_7,1130,2.065769296,2.088824482,2.077296889,2.4376,121.88,2022_Flynn_Plate 1
K8,4919,CD4 depleted; IV BCG - 5e7,RLL gran 8 GM,RLL_gr_8,645,1.59847401,1.605056046,1.601765028,0.6717,33.585,2022_Flynn_Plate 1
R1,5719,CD4 depleted; IV BCG - 5e7,R carinal,R_carinal_LN,4305,1.466,1.453,1.4595,54.896,2744.8,2022_Flynn_Plate 1
R2,5719,CD4 depleted; IV BCG - 5e7,RLL 1,RLL_gr_1,8470,1.939385423,1.908460593,1.923923008,1.06115,53.0575,2022_Flynn_Plate 1
AA1,9321,CD4 depletion; IV BCG,Ring LN,R_ing_LN,9000,1.839075925,1.51473175,1.676903838,0.610525,30.52625,2022_Flynn_Plate 1
AA2,9321,CD4 depletion; IV BCG,L subclav LN 1,L_subclav_LN_gr_1,15,1.402173913,1.434210526,1.41819222,0.002975,0.14875,2022_Flynn_Plate 1
AA3,9321,CD4 depletion; IV BCG,R carin LN,R_carinal_LN,6000,2.030759535,2.018103809,2.024431672,2.453925,122.69625,2022_Flynn_Plate 1
AA4,9321,CD4 depletion; IV BCG,RLL gr 1,RLL_gr_1,4800,2.110183826,1.912612526,2.011398176,3.150875,157.54375,2022_Flynn_Plate 1
AF1,9921,CD4 depletion; IV BCG,LMS Br LN,LMS_Br_LN,75,1.95610071,1.960506546,1.958303628,0.2278,11.39,2022_Flynn_Plate 1
AF2,9921,CD4 depletion; IV BCG,R carin LN,R_carinal_LN,2765,1.994048561,1.985745372,1.989896967,1.57445,78.7225,2022_Flynn_Plate 1
AF3,9921,CD4 depletion; IV BCG,L carin LN,L_carinal_LN,3850,1.574493534,1.847960163,1.711226849,0.7689,38.445,2022_Flynn_Plate 1
AF4,9921,CD4 depletion; IV BCG,Spleen,Spleen,55,2.229588786,3.019145803,2.624367295,0.8039,40.195,2022_Flynn_Plate 1
AF5,9921,CD4 depletion; IV BCG,RLL ,RLL,592,1.918648354,1.844546007,1.881597181,1.4042,70.21,2022_Flynn_Plate 1
AF6,9921,CD4 depletion; IV BCG,RLL gr 1,RLL_gr_1,19500,1.931688805,1.918871832,1.925280319,1.53135,76.5675,2022_Flynn_Plate 1
AF7,9921,CD4 depletion; IV BCG,Access,ACC,135,1.440017418,1.086000358,1.263008888,0.1586,7.93,2022_Flynn_Plate 1
AF8,9921,CD4 depletion; IV BCG,Access Gr 1,ACC_gr_1,173600,1.950376371,1.719563519,1.834969945,1.95735,97.8675,2022_Flynn_Plate 1
AJ1,21319,CD4 depleted; IV BCG - 5e7,R carinal LN ,R_carinal_LN,175,1.408963585,1.434108527,1.421536056,0.0529,2.645,2022_Flynn_Plate 2
AJ2,21319,CD4 depleted; IV BCG - 5e7,L carin LN,L_carinal_LN,35,1.544303797,1.477777778,1.511040788,0.01275,0.6375,2022_Flynn_Plate 2
AJ3,21319,CD4 depleted; IV BCG - 5e7,RMS Br LN,RMS_Br_LN,315,1.786142572,1.762396694,1.774269633,0.262,13.1,2022_Flynn_Plate 2
AJ4,21319,CD4 depleted; IV BCG - 5e7,RLL,RLL,1430,1.846856194,1.860525693,1.853690944,0.83785,41.8925,2022_Flynn_Plate 2
AJ5,21319,CD4 depleted; IV BCG - 5e7,RLL gran 1 GM,RLL_gr_1,120,1.297709924,1.322772277,1.310241101,0.0674,3.37,2022_Flynn_Plate 2
AJ6,21319,CD4 depleted; IV BCG - 5e7,RLL gran 2 GM,RLL_gr_2,3060,1.757282569,1.589567007,1.673424788,0.671025,33.55125,2022_Flynn_Plate 2
AJ7,21319,CD4 depleted; IV BCG - 5e7,RLL gran 4 GM,RLL_gr_4,34800,1.633141585,1.683829266,1.658485426,0.298875,14.94375,2022_Flynn_Plate 2
AK1,21419,CD4 depleted; IV BCG - 5e7,RUL,RUL,1400,1.81,1.787,1.7985,0.714,35.7,2022_Flynn_Plate 2
AL1,22019,CD4 depleted; IV BCG - 5e7,R ing LN,R_ing_LN,40,1.722,1.78,1.751,2.672,133.6,2022_Flynn_Plate 2
AL2,22019,CD4 depleted; IV BCG - 5e7,R cran HLN gran,R_cran_HLN_gr_1,32000,1.725357548,1.743733774,1.734545661,#REF!,#REF!,2022_Flynn_Plate 2
AL3,22019,CD4 depleted; IV BCG - 5e7,L cran HLN 2,L_cran_HLN_gr_2,5140,1.593408611,1.431599229,1.51250392,0.936775,46.83875,2022_Flynn_Plate 2
AL4,22019,CD4 depleted; IV BCG - 5e7,R carin LN gran,R_carinal_LN_gr_1,40400,1.817751653,1.803920968,1.810836311,0.356275,17.81375,2022_Flynn_Plate 2
AL5,22019,CD4 depleted; IV BCG - 5e7,L carin LN,L_carinal_LN,1420,2.026559236,2.017852841,2.022206039,1.509225,75.46125,2022_Flynn_Plate 2
AL6,22019,CD4 depleted; IV BCG - 5e7,RLL LN gran,RLL_LN_gr_1,83400,2.222903126,2.182512087,2.202707607,1.876125,93.80625,2022_Flynn_Plate 2
AL7,22019,CD4 depleted; IV BCG - 5e7,Pretrach LN ,Pretrach_LN,120,1.769668246,1.767863023,1.768765635,2.672675,133.63375,2022_Flynn_Plate 2
AL8,22019,CD4 depleted; IV BCG - 5e7,RMS BR LN 1 gran,RMS_Br_LN_gr_1,31000,1.580873873,1.580243148,1.580558511,0.137125,6.85625,2022_Flynn_Plate 2
AL9,22019,CD4 depleted; IV BCG - 5e7,RMS Br LN 2 gran,RMS_Br_LN_gr_2,10110,1.94620798,1.876997193,1.911602587,0.915975,45.79875,2022_Flynn_Plate 2
AL10,22019,CD4 depleted; IV BCG - 5e7,LMS Br LN 1,LMS_Br_LN_gr_1,6870,1.635692275,1.742793961,1.689243118,1.482425,74.12125,2022_Flynn_Plate 2
AL11,22019,CD4 depleted; IV BCG - 5e7,LMS BR LN 2,LMS_Br_LN_gr_2,240,1.802385096,1.84017944,1.821282268,0.670525,33.52625,2022_Flynn_Plate 2
AL12,22019,CD4 depleted; IV BCG - 5e7,Liver,Liver,450,1.677232995,1.775326897,1.726279946,0.865775,43.28875,2022_Flynn_Plate 2
AL13,22019,CD4 depleted; IV BCG - 5e7,Liver Gr 1,Liver_gr_1,1310,1.797366776,1.809350017,1.803358397,0.780525,39.02625,2022_Flynn_Plate 2
AL14,22019,CD4 depleted; IV BCG - 5e7,Liver Gr 2,Liver_gr_2,890,1.828368867,1.854777272,1.84157307,1.297425,64.87125,2022_Flynn_Plate 2
AL15,22019,CD4 depleted; IV BCG - 5e7,Liver Gr 3,Liver_gr_3,1080,1.886785387,1.891086259,1.888935823,0.886325,44.31625,2022_Flynn_Plate 2
AL16,22019,CD4 depleted; IV BCG - 5e7,Spleen,Spleen,7810,1.720783869,1.790139781,1.755461825,1.141775,57.08875,2022_Flynn_Plate 2
AL17,22019,CD4 depleted; IV BCG - 5e7,RUL,RUL,140,1.585779642,1.75523624,1.670507941,1.550375,77.51875,2022_Flynn_Plate 2
AL18,22019,CD4 depleted; IV BCG - 5e7,RUL gran A,RUL_gr_A,4500,1.856809769,1.853178657,1.854994213,0.194075,9.70375,2022_Flynn_Plate 2
AL19,22019,CD4 depleted; IV BCG - 5e7,RUL gran B,RUL_gr_B,3560,1.512416428,1.487500976,1.499958702,1.918075,95.90375,2022_Flynn_Plate 2
AL20,22019,CD4 depleted; IV BCG - 5e7,RUL gran C,RUL_gr_C,1380,1.727906608,1.790113243,1.759009926,0.990675,49.53375,2022_Flynn_Plate 2
AL21,22019,CD4 depleted; IV BCG - 5e7,RML,RML,495,1.811496069,1.828410973,1.819953521,0.841625,42.08125,2022_Flynn_Plate 2
AL22,22019,CD4 depleted; IV BCG - 5e7,RML gran A GM,RML_gr_A,8490,1.578558802,1.594540359,1.586549581,1.167625,58.38125,2022_Flynn_Plate 2
AL23,22019,CD4 depleted; IV BCG - 5e7,RLL,RLL,9300,1.620842279,1.61310356,1.61697292,1.145375,57.26875,2022_Flynn_Plate 2
AL24,22019,CD4 depleted; IV BCG - 5e7,RLL GM,RLL_gr_1B,6250,2.4027602,2.400794047,2.401777124,1.233525,61.67625,2022_Flynn_Plate 2
AL25,22019,CD4 depleted; IV BCG - 5e7,RLL gran 1 GM,RLL_gr_1A,46200,1.620125486,1.750399222,1.685262354,2.999275,149.96375,2022_Flynn_Plate 2
AL26,22019,CD4 depleted; IV BCG - 5e7,RLL cluster 2/3/4/9,RLL_cluster_2_3_4_9,564000,1.788792592,1.671094023,1.729943308,0.570125,28.50625,2022_Flynn_Plate 2
AL27,22019,CD4 depleted; IV BCG - 5e7,RLL gran 5 GM,RLL_gr_5B,85200,1.484992571,1.512861665,1.498927118,0.367625,18.38125,2022_Flynn_Plate 2
AL28,22019,CD4 depleted; IV BCG - 5e7,RLL gran 5A,RLL_gr_5A,1060,1.903560861,1.694353152,1.798957007,0.861425,43.07125,2022_Flynn_Plate 2
AL29,22019,CD4 depleted; IV BCG - 5e7,RLL cluster 7/8/10/11/12/13,RLL_cluster_7_8_10_11_12_13,140000,1.671610297,1.624919151,1.648264724,1.252975,62.64875,2022_Flynn_Plate 2
AL30,22019,CD4 depleted; IV BCG - 5e7,RLL cluster 14/15/17/18,RLL_cluster_14_15_17_18,258000,1.831866701,1.784247962,1.808057332,0.692025,34.60125,2022_Flynn_Plate 2
AL31,22019,CD4 depleted; IV BCG - 5e7,RLL cluster 16/19,RLL_cluster_16_19,121800,Lost,lost,lost,1.6509,82.545,2022_Flynn_Plate 2
AL32,22019,CD4 depleted; IV BCG - 5e7,RLL gran 21,RLL_gr_21,3720,1.530560091,1.482275029,1.50641756,1.01465,50.7325,2022_Flynn_Plate 2
AL33,22019,CD4 depleted; IV BCG - 5e7,RLL gran A GM,RLL_gr_A,4380,1.827286822,1.84797917,1.837632996,1.51735,75.8675,2022_Flynn_Plate 2
AL34,22019,CD4 depleted; IV BCG - 5e7,RLL gran B,RLL_gr_B,1220,1.426812221,1.801102997,1.613957609,1.41765,70.8825,2022_Flynn_Plate 2
AL35,22019,CD4 depleted; IV BCG - 5e7,ACC,ACC,360,1.817396153,1.826918041,1.822157097,0.3374,16.87,2022_Flynn_Plate 2
AL36,22019,CD4 depleted; IV BCG - 5e7,LUL,LUL,1537.5,1.656100011,1.760153912,1.708126962,0.47385,23.6925,2022_Flynn_Plate 2
AL37,22019,CD4 depleted; IV BCG - 5e7,LUL gran A,LUL_gr_A,2520,1.669940136,1.643722734,1.656831435,1.2141,60.705,2022_Flynn_Plate 2
AL38,22019,CD4 depleted; IV BCG - 5e7,LUL gran B,LUL_gr_B,1462.5,1.857252396,1.852840693,1.855046545,0.7294,36.47,2022_Flynn_Plate 2
AL39,22019,CD4 depleted; IV BCG - 5e7,LML,LML,1485,1.694039735,1.688259109,1.691149422,0.06325,3.1625,2022_Flynn_Plate 2
AL40,22019,CD4 depleted; IV BCG - 5e7,LML gran A,LML_gr_A,1100,1.475682878,1.499653019,1.487667949,0.1094,5.47,2022_Flynn_Plate 2
AL41,22019,CD4 depleted; IV BCG - 5e7,LML gran B,LML_gr_B,4520,2.440686438,2.390953506,2.415819972,3.140625,157.03125,2022_Flynn_Plate 2
AL42,22019,CD4 depleted; IV BCG - 5e7,LML grab C,LML_gr_C,1920,1.533135864,1.526268893,1.529702379,1.166875,58.34375,2022_Flynn_Plate 2
AL43,22019,CD4 depleted; IV BCG - 5e7,LLL,LLL,4680,1.75436558,1.746840099,1.75060284,1.313575,65.67875,2022_Flynn_Plate 2
AL44,22019,CD4 depleted; IV BCG - 5e7,LLL gran A,LLL_gr_A,162000,2.066485464,2.024907171,2.045696318,2.142675,107.13375,2022_Flynn_Plate 2
AL45,22019,CD4 depleted; IV BCG - 5e7,LLL nodular area B w/ gran,LLL_area_B,29400,1.650688491,1.58520045,1.617944471,1.005375,50.26875,2022_Flynn_Plate 2
AM1,22519,CD4 depleted; IV BCG - 5e7,R subclav LN,R_subclav_LN,280,1.876,1.891,1.8835,7.687,384.35,2022_Flynn_Plate 2
AM2,22519,CD4 depleted; IV BCG - 5e7,R paratrach LN ,R_paratrach_LN,640,2.059,2.042,2.0505,50.301,2515.05,2022_Flynn_Plate 2
AM3,22519,CD4 depleted; IV BCG - 5e7,Cent Carin LN gran,Cent_carinal_LN_gr,105000,2.098566942,1.778087959,1.938327451,1.746875,87.34375,2022_Flynn_Plate 2
AM4,22519,CD4 depleted; IV BCG - 5e7,Spleen,Spleen,40,1.776334776,1.712898752,1.744616764,0.092475,4.62375,2022_Flynn_Plate 2
AM5,22519,CD4 depleted; IV BCG - 5e7,RML,RML,1300,1.826275307,1.612387138,1.719331223,0.639925,31.99625,2022_Flynn_Plate 2
AM6,22519,CD4 depleted; IV BCG - 5e7,RLL GM,RLL_gr,4800,1.737215489,1.753785945,1.745500717,0.753825,37.69125,2022_Flynn_Plate 2
AM7,22519,CD4 depleted; IV BCG - 5e7,RLL gran 1,RLL_gr_1,30800,1.822089284,1.898473561,1.860281423,1.764025,88.20125,2022_Flynn_Plate 2
AM8,22519,CD4 depleted; IV BCG - 5e7,RLL gran 2,RLL_gr_2,288000,1.906625754,1.805971867,1.856298811,1.452725,72.63625,2022_Flynn_Plate 2
AM9,22519,CD4 depleted; IV BCG - 5e7,RLL gran 3,RLL_gr_3,10800,1.964637655,2.003113869,1.983875762,2.201775,110.08875,2022_Flynn_Plate 2
AM10,22519,CD4 depleted; IV BCG - 5e7,RLL gran 4,RLL_gr_4,294000,1.71923905,1.688846993,1.704043022,1.239825,61.99125,2022_Flynn_Plate 2
AM11,22519,CD4 depleted; IV BCG - 5e7,RLL gran 5 GM,RLL_gr_5,282000,1.967340792,1.864908943,1.916124868,2.976725,148.83625,2022_Flynn_Plate 2
AM12,22519,CD4 depleted; IV BCG - 5e7,RLL gran 6 GM,RLL_gr_6,336000,2.080594381,2.09855104,2.089572711,2.500825,125.04125,2022_Flynn_Plate 2
AM13,22519,CD4 depleted; IV BCG - 5e7,RLL gran 7 GM,RLL_gr_7,65400,1.961818739,1.992342464,1.977080602,1.539175,76.95875,2022_Flynn_Plate 2
AM14,22519,CD4 depleted; IV BCG - 5e7,RLL gran 8 GM,RLL_gr_8,1200000,1.938094344,1.9436563,1.940875322,1.558825,77.94125,2022_Flynn_Plate 2
AM15,22519,CD4 depleted; IV BCG - 5e7,RLL gran 9 GM,RLL_gr_9,1071000,1.836646235,1.830862187,1.833754211,1.058425,52.92125,2022_Flynn_Plate 2
AM16,22519,CD4 depleted; IV BCG - 5e7,RLL gran 10 GM,RLL_gr_10,186000,1.913173842,1.953899579,1.933536711,1.524325,76.21625,2022_Flynn_Plate 2
AM17,22519,CD4 depleted; IV BCG - 5e7,RLL gran 11 GM,RLL_gr_11,51600,2.040282819,2.025837073,2.033059946,2.956925,147.84625,2022_Flynn_Plate 2
AM18,22519,CD4 depleted; IV BCG - 5e7,RLL gran 12,RLL_gr_12,80,1.671768707,1.670095694,1.670932201,0.173275,8.66375,2022_Flynn_Plate 2
AM19,22519,CD4 depleted; IV BCG - 5e7,RLL cluster A,RLL_cluster_A,6580,1.825627757,1.81295186,1.819289809,1.052075,52.60375,2022_Flynn_Plate 2
AM20,22519,CD4 depleted; IV BCG - 5e7,RLL gran B GM,RLL_gr_B,125000,2.082686653,1.985791434,2.034239044,2.607775,130.38875,2022_Flynn_Plate 2
AM21,22519,CD4 depleted; IV BCG - 5e7,RLL gran C,RLL_gr_C,1060,2.02957711,2.030854853,2.030215982,1.174875,58.74375,2022_Flynn_Plate 2
AM22,22519,CD4 depleted; IV BCG - 5e7, RLL gran D,RLL_gr_D,2240,1.671418919,1.672721088,1.672070004,0.616575,30.82875,2022_Flynn_Plate 2
AM23,22519,CD4 depleted; IV BCG - 5e7,RLL gran E,RLL_gr_E,3340,2.270158078,2.268328922,2.2692435,1.287425,64.37125,2022_Flynn_Plate 2
AM24,22519,CD4 depleted; IV BCG - 5e7,ACC,ACC,25,0.829359002,1.245810056,1.037584529,-0.005575,-0.27875,2022_Flynn_Plate 2
AN1,22719,CD4 depleted; IV BCG - 5e7,R subclav LN,R_subclav_LN,35,1.553,1.453,1.503,2.03,101.5,2022_Flynn_Plate 2
AN2,22719,CD4 depleted; IV BCG - 5e7,R cran HLN 1,R_cran_HLN_gr_1,400,1.764753567,1.793484188,1.779118878,0.300525,15.02625,2022_Flynn_Plate 2
AN3,22719,CD4 depleted; IV BCG - 5e7,R cran HLN 2 gran,R_cran_HLN_gr_2,1106000,1.932364729,1.894146295,1.913255512,3.078675,153.93375,2022_Flynn_Plate 2
AN4,22719,CD4 depleted; IV BCG - 5e7,R carinal LN,R_carinal_LN,11200,1.31785942,1.324769279,1.32131435,0.836875,41.84375,2022_Flynn_Plate 2
AN5,22719,CD4 depleted; IV BCG - 5e7,RLL,RLL,540,1.752,1.666,1.709,10.212,510.6,2022_Flynn_Plate 2
AN6,22719,CD4 depleted; IV BCG - 5e7,RLL gran 1,RLL_gr_1,285000,1.5222204,1.380412102,1.451316251,0.364375,18.21875,2022_Flynn_Plate 2
AN7,22719,CD4 depleted; IV BCG - 5e7,RLL gran 2,RLL_gr_2,797.5,1.868468608,1.788035714,1.828252161,1.530525,76.52625,2022_Flynn_Plate 2
C1,4119,Saline Control; IV BCG - 5e7,RLL,RLL,30,1.764612754,1.50001591,1.632314332,0.937575,46.87875,2022_Flynn_Plate 3
C2,4119,Saline Control; IV BCG - 5e7,RLL gr 2,RLL_gr_2,665,2.077545956,2.087893535,2.082719746,1.583725,79.18625,2022_Flynn_Plate 3
D1,4219,IgG Control; IV BCG - 5e7,RLL,RLL,850,1.46,1.451,1.4555,53.925,2696.25,2022_Flynn_Plate 3
E1,4319,IgG Control; IV BCG - 5e7,RLL ,RLL,210,1.517,1.515,1.516,50.441,2522.05,2022_Flynn_Plate 3
G1,4519,IgG Control; IV BCG - 5e7,RLL,RLL,120,1.356,1.355,1.3555,39.293,1964.65,2022_Flynn_Plate 3
G2,4519,IgG Control; IV BCG - 5e7,RLL gran 1,RLL_gr_1,138,2.156441098,2.304365524,2.230403311,2.883175,144.15875,2022_Flynn_Plate 3
J1,4819,Saline Control; IV BCG - 5e7,RLL,RLL,60,1.434,1.449,1.4415,14.034,701.7,2022_Flynn_Plate 3
N1,5219,Saline Control; IV BCG - 5e7,RMS BR LN 1,RMS_Br_LN_gr_1,150,1.408,1.405,1.4065,27.657,1382.85,2022_Flynn_Plate 3
N2,5219,Saline Control; IV BCG - 5e7,RML,RML,135,1.818,2.097,1.9575,1.955,97.75,2022_Flynn_Plate 3
N3,5219,Saline Control; IV BCG - 5e7,RLL,RLL,6480,1.606,1.598,1.602,50.713,2535.65,2022_Flynn_Plate 3
N4,5219,Saline Control; IV BCG - 5e7,RLL gran 6 area,RLL_gr_6,510,1.931921552,1.883952509,1.907937031,1.463025,73.15125,2022_Flynn_Plate 3
N5,5219,Saline Control; IV BCG - 5e7,RLL gran 7,RLL_gr_7,860,2.096597287,2.026110143,2.061353715,2.658875,132.94375,2022_Flynn_Plate 3
N6,5219,Saline Control; IV BCG - 5e7,RLL gran 11,RLL_gr_11,30,1.912915736,1.837913116,1.875414426,1.163025,58.15125,2022_Flynn_Plate 3
N7,5219,Saline Control; IV BCG - 5e7,RLL gran A,RLL_gr_A,560,1.842687261,2.008734872,1.925711067,3.244875,162.24375,2022_Flynn_Plate 3
T1,8421,Saline control; IV BCG,R ax LN,R_Ax_LN,7480,1.786039491,1.627472161,1.706755826,1.9528,97.64,2022_Flynn_Plate 3
T2,8421,Saline control; IV BCG,L ing LN,L_ing_LN,20,1.157601116,1.213114754,1.185357935,0.0187,0.935,2022_Flynn_Plate 3
AH1,10121,Saline control; IV BCG,RML,RML,30,1.908007942,1.85899705,1.883502496,0.075425,3.77125,2022_Flynn_Plate 3
AO1,22819,CD4 depleted; IV BCG - 5e7,R subclav LN,R_subclav_LN,720,1.325350552,1.096577802,1.210964177,1.134075,56.70375,2022_Flynn_Plate 3
AO2,22819,CD4 depleted; IV BCG - 5e7,R cran HLN,R_cran_HLN,510,2.425669732,2.508582177,2.467125955,0.512525,25.62625,2022_Flynn_Plate 3
AO3,22819,CD4 depleted; IV BCG - 5e7,R carinal LN gr,R_carinal_LN_gr_1,612000,4.432574431,12.64735516,8.539964796,0.157675,7.88375,2022_Flynn_Plate 3
AO4,22819,CD4 depleted; IV BCG - 5e7,Liver,Liver,210,1.928057206,1.893278578,1.910667892,0.954075,47.70375,2022_Flynn_Plate 3
AO5,22819,CD4 depleted; IV BCG - 5e7,Spleen,Spleen,3900,1.556135178,1.158234437,1.357184808,0.294375,14.71875,2022_Flynn_Plate 3
AO6,22819,CD4 depleted; IV BCG - 5e7,RUL,RUL,770,2.971338353,1.516721119,2.244029736,0.669375,33.46875,2022_Flynn_Plate 3
AO7,22819,CD4 depleted; IV BCG - 5e7,RML,RML,510,2.285184621,1.503743965,1.894464293,1.212575,60.62875,2022_Flynn_Plate 3
AO8,22819,CD4 depleted; IV BCG - 5e7,RLL,RLL,2380,2.050062006,1.897682895,1.973872451,0.848175,42.40875,2022_Flynn_Plate 3
AO9,22819,CD4 depleted; IV BCG - 5e7,RLL 1/2,RLL_gr_1_2,8000,2.036508842,1.698879761,1.867694302,0.7306,36.53,2022_Flynn_Plate 3
AO10,22819,CD4 depleted; IV BCG - 5e7,RLL 4,RLL_gr_4,3460,2.373155916,1.689108347,2.031132132,0.6498,32.49,2022_Flynn_Plate 3
AO11,22819,CD4 depleted; IV BCG - 5e7,RLL 5,RLL_gr_5,3980,0.408038122,0.484446026,0.446242074,0.58255,29.1275,2022_Flynn_Plate 3
AO12,22819,CD4 depleted; IV BCG - 5e7,RLL 6 cluster,RLL_cluster_6,104000,1.994730749,2.088563819,2.041647284,2.5628,128.14,2022_Flynn_Plate 3
AO13,22819,CD4 depleted; IV BCG - 5e7,RLL 7,RLL_gr_7,36000,1.91396616,1.879794842,1.896880501,1.1511,57.555,2022_Flynn_Plate 3
AO14,22819,CD4 depleted; IV BCG - 5e7,RLL 8,RLL_gr_8,119000,0.537229029,1.942156004,1.239692517,0.06965,3.4825,2022_Flynn_Plate 3
AO15,22819,CD4 depleted; IV BCG - 5e7,RLL 9 cluster,RLL_cluster_9,38700,2.838182413,1.57254848,2.205365447,0.5029,25.145,2022_Flynn_Plate 3
AO16,22819,CD4 depleted; IV BCG - 5e7,RLL 10 double,RLL_gr_10,37600,2.110085828,2.110540158,2.110312993,2.6132,130.66,2022_Flynn_Plate 3
AO17,22819,CD4 depleted; IV BCG - 5e7,RLL 11,RLL_gr_11,85400,2.018352711,1.981089758,1.999721235,2.25895,112.9475,2022_Flynn_Plate 3
AO18,22819,CD4 depleted; IV BCG - 5e7,RLL 12,RLL_gr_12,107500,1.89779586,1.835323637,1.866559749,2.04865,102.4325,2022_Flynn_Plate 3
AO19,22819,CD4 depleted; IV BCG - 5e7,RLL 13,RLL_gr_13,86500,2.242727984,2.109108678,2.175918331,3.132675,156.63375,2022_Flynn_Plate 3
AO20,22819,CD4 depleted; IV BCG - 5e7,RLL 15,RLL_gr_15,69500,1.861858629,1.967453582,1.914656106,2.137125,106.85625,2022_Flynn_Plate 3
AO21,22819,CD4 depleted; IV BCG - 5e7,RLL 16,RLL_gr_16,57600,2.010049225,2.068683799,2.039366512,2.281875,114.09375,2022_Flynn_Plate 3
AO22,22819,CD4 depleted; IV BCG - 5e7,RLL 17,RLL_gr_17,19500,2.001197403,2.048202711,2.024700057,3.003925,150.19625,2022_Flynn_Plate 3
AO23,22819,CD4 depleted; IV BCG - 5e7,RLL A,RLL_gr_A,3080,1.569253584,1.624015187,1.596634386,0.412275,20.61375,2022_Flynn_Plate 3
AO24,22819,CD4 depleted; IV BCG - 5e7,RLL B,RLL_gr_B,1720,1.584117376,1.598518716,1.591318046,0.600425,30.02125,2022_Flynn_Plate 3
AO25,22819,CD4 depleted; IV BCG - 5e7,Nodular around RLL 10,RLL_nodular_around_10,1600,1.696431446,1.689644592,1.693038019,0.808175,40.40875,2022_Flynn_Plate 3
AO26,22819,CD4 depleted; IV BCG - 5e7,LUL,LUL,247.5,1.859199835,1.871905274,1.865552555,0.378125,18.90625,2022_Flynn_Plate 3
AO27,22819,CD4 depleted; IV BCG - 5e7,LML GM,LML_gr_1,60,1.756676816,1.758823828,1.757750322,0.685325,34.26625,2022_Flynn_Plate 3
AO28,22819,CD4 depleted; IV BCG - 5e7,RUL 1 GM,RUL_gr_1,,2.278778371,2.261228632,2.270003502,2.854825,142.74125,2022_Flynn_Plate 3
AV1,21519,IgG control; IV BCG - 5e7,R subclav LN,R_subclav_LN,20,1.019,1.026,1.0225,3.323,166.15,2022_Flynn_Plate 3
AV2,21519,IgG control; IV BCG - 5e7,L cran HLN 2 gran,L_cran_HLN_gr_2,9300,1.466204142,1.236672758,1.35143845,0.73785,36.8925,2022_Flynn_Plate 3
AV3,21519,IgG control; IV BCG - 5e7,R carin LN gran,R_carinal_LN_gr_1,184500,1.112025606,0.955441595,1.033733601,1.0544,52.72,2022_Flynn_Plate 3
AV4,21519,IgG control; IV BCG - 5e7,L carin LN gran,L_carinal_LN_gr_1,36050,1.692573132,1.732739736,1.712656434,1.15255,57.6275,2022_Flynn_Plate 3
AV5,21519,IgG control; IV BCG - 5e7,Ant pretrach LN ,Ant_pretrach_LN,2190,1.904,1.881,1.8925,17.472,873.6,2022_Flynn_Plate 3
AV6,21519,IgG control; IV BCG - 5e7,LLL GM,LLL_gr_1,1500,1.381002152,1.360840881,1.370921517,0.8658,43.29,2022_Flynn_Plate 3
AV7,21519,IgG control; IV BCG - 5e7,LLL gran 1/2,LLL_gr_1_2,945,1.30079033,1.23498818,1.267889255,0.13525,6.7625,2022_Flynn_Plate 3
AV8,21519,IgG control; IV BCG - 5e7,LLL gran 3 GM,LLL_gr_3,420,1.144207144,1.053251271,1.098729208,0.64335,32.1675,2022_Flynn_Plate 3
AV9,21519,IgG control; IV BCG - 5e7,LLL gran 5 GM,LLL_gr_5,2280,1.373075012,1.334752528,1.35391377,0.1318,6.59,2022_Flynn_Plate 3
AV10,21519,IgG control; IV BCG - 5e7,LLL gran 7 GM,LLL_gr_7,6792.5,1.950793286,1.772279219,1.861536253,0.43235,21.6175,2022_Flynn_Plate 3
AV11,21519,IgG control; IV BCG - 5e7,LLL gran 8,LLL_gr_8,1025,1.457269322,1.281438601,1.369353962,0.3671,18.355,2022_Flynn_Plate 3
AV12,21519,IgG control; IV BCG - 5e7,LLL gran 9 GM,LLL_gr_9,1275,1.847857083,1.778331258,1.813094171,0.43605,21.8025,2022_Flynn_Plate 3
AV13,21519,IgG control; IV BCG - 5e7,LLL 11 triplet,LLL_gr_11,1150,1.310935024,1.323268789,1.317101907,0.1021,5.105,2022_Flynn_Plate 3
AV14,21519,IgG control; IV BCG - 5e7,LLL gran 12 GM,LLL_gr_12,4895,2.052958002,2.048085888,2.050521945,1.8123,90.615,2022_Flynn_Plate 3
AW1,22119,IgG control; IV BCG - 5e7,RLL A,RLL_gr_A,930,2.014,1.994,2.004,26.698,1334.9,2022_Flynn_Plate 3
AW2,22119,IgG control; IV BCG - 5e7,RLL B,RLL_gr_B,630,2.003,2.027,2.015,29.178,1458.9,2022_Flynn_Plate 3
AX1,22619,IgG control; IV BCG - 5e7,R carinal LN,R_carinal_LN,75,1.689,1.762,1.7255,9.386,469.3,2022_Flynn_Plate 3
AX2,22619,IgG control; IV BCG - 5e7,RLL,RLL,90,1.641088352,1.647957684,1.644523018,0.1372,6.86,2022_Flynn_Plate 3
AX3,22619,IgG control; IV BCG - 5e7,RLL GM,RLL_gr_1B,12000,1.999000676,1.992626681,1.995813679,1.8298,91.49,2022_Flynn_Plate 3
AX4,22619,IgG control; IV BCG - 5e7,RLL gran 1,RLL_gr_1A,1425,1.765785855,1.71426719,1.740026523,1.2549,62.745,2022_Flynn_Plate 3
AX5,22619,IgG control; IV BCG - 5e7,RLL gran 2,RLL_gr_2,14400,2.096958372,2.013282526,2.055120449,1.45095,72.5475,2022_Flynn_Plate 3
AX6,22619,IgG control; IV BCG - 5e7,RLL gran 3,RLL_gr_3,45600,1.894844064,1.912878428,1.903861246,1.54645,77.3225,2022_Flynn_Plate 3
AX7,22619,IgG control; IV BCG - 5e7,RLL gran 5,RLL_gr_5,5040,2.017790869,2.025751073,2.021770971,0.84705,42.3525,2022_Flynn_Plate 3
AX8,22619,IgG control; IV BCG - 5e7,RLL gran 7,RLL_gr_7,420,1.491041027,1.465819568,1.478430298,0.6944,34.72,2022_Flynn_Plate 3
AY1,21919,saline control; IV BCG - 5e7,ACC 1,ACC_gr_1,648,2.049,2.095,2.072,53.213,2660.65,2022_Flynn_Plate 3
M1,5119,no IV BCG control,R subclav LN +gran,R_subclav_LN_gr_1,2075,2.22353909,2.17830471,2.2009219,2.163975,108.19875,2022_Flynn_Plate 4
M2,5119,no IV BCG control,L subclav LN,L_subclav_LN,33,1.941122426,2.016878948,1.979000687,0.560375,28.01875,2022_Flynn_Plate 4
M3,5119,no IV BCG control,R cran HLN gran,R_cran_HLN_gr_1,5250,2.172152095,2.080370124,2.12626111,3.666925,183.34625,2022_Flynn_Plate 4
M4,5119,no IV BCG control,L cran HLN gran,L_cran_HLN_gr_1,33500,1.803689099,2.037067174,1.920378137,3.473425,173.67125,2022_Flynn_Plate 4
M5,5119,no IV BCG control,R paratrach inferior gran,R_paratrach_inferior_gr_1,6350,1.888977812,1.873371623,1.881174718,2.472625,123.63125,2022_Flynn_Plate 4
M6,5119,no IV BCG control,Pretrach complex gran,Pretrach_complex_gr_1,57400,2.0539782,2.044888577,2.049433389,0.793675,39.68375,2022_Flynn_Plate 4
M7,5119,no IV BCG control,R paratrach superior gran,R_paratrach_superior_gr_1,4680,1.96380335,1.971706804,1.967755077,1.061675,53.08375,2022_Flynn_Plate 4
M8,5119,no IV BCG control,Central carinal gran,Central_carinal_gr_1,550000,1.982913869,1.959235064,1.971074467,1.450075,72.50375,2022_Flynn_Plate 4
M9,5119,no IV BCG control,RUL,RUL,80,2.04930349,2.059441152,2.054372321,0.315675,15.78375,2022_Flynn_Plate 4
M10,5119,no IV BCG control,RML,RML,360,2.205121135,2.204482033,2.204801584,1.341575,67.07875,2022_Flynn_Plate 4
M11,5119,no IV BCG control,RLL,RLL,3000,1.59470338,1.717527594,1.656115487,1.165225,58.26125,2022_Flynn_Plate 4
M12,5119,no IV BCG control,RLL1,RLL_gr_1,2000,2.205513911,1.459813084,1.832663498,2.942375,147.11875,2022_Flynn_Plate 4
M13,5119,no IV BCG control,RLL 3,RLL_gr_3,2940,1.893727366,1.357750963,1.625739165,1.265075,63.25375,2022_Flynn_Plate 4
M14,5119,no IV BCG control,RLL 4,RLL_gr_4,775,2.248860745,2.120961713,2.184911229,2.737175,136.85875,2022_Flynn_Plate 4
M15,5119,no IV BCG control,RLL 7,RLL_gr_7,8400,2.04933687,2.052913923,2.051125397,0.653725,32.68625,2022_Flynn_Plate 4
M16,5119,no IV BCG control,RLL 8,RLL_gr_8,1800,2.119439256,2.085222246,2.102330751,2.644975,132.24875,2022_Flynn_Plate 4
M17,5119,no IV BCG control,RLL 9,RLL_gr_9,3720,1.147724918,0.812869792,0.980297355,0.733625,36.68125,2022_Flynn_Plate 4
M18,5119,no IV BCG control,RLL 10,RLL_gr_10,7200,1.919087042,1.925573693,1.922330368,1.033175,51.65875,2022_Flynn_Plate 4
M19,5119,no IV BCG control,"RLL 11, 12, 13, 14, 16",RLL_gr_11_12_13_14_16,648000,1.872027721,1.940696157,1.906361939,1.163875,58.19375,2022_Flynn_Plate 4
M20,5119,no IV BCG control,RLL 15,RLL_gr_15,5500,2.059948606,1.629684035,1.844816321,1.498875,74.94375,2022_Flynn_Plate 4
M21,5119,no IV BCG control,RLL 17,RLL_gr_17,7800,1.995986481,1.845852077,1.920919279,2.06335,103.1675,2022_Flynn_Plate 4
M22,5119,no IV BCG control,RLL A,RLL_gr_A,1800,1.891446369,2.364240885,2.127843627,1.41355,70.6775,2022_Flynn_Plate 4
M23,5119,no IV BCG control,RLL B,RLL_gr_B,460,2.076966094,1.761362514,1.919164304,3.54685,177.3425,2022_Flynn_Plate 4
M24,5119,no IV BCG control,LUL,LUL,240,2.007547299,2.147145488,2.077346394,2.927,146.35,2022_Flynn_Plate 4
M25,5119,no IV BCG control,LML,LML,160,1.780078895,1.791282592,1.785680744,0.7462,37.31,2022_Flynn_Plate 4
M26,5119,no IV BCG control,LML 1,LML_gr_1,770,1.430047695,1.240644939,1.335346317,0.49465,24.7325,2022_Flynn_Plate 4
M27,5119,no IV BCG control,LLL,LLL,940,2.473582996,3.14097805,2.807280523,1.58405,79.2025,2022_Flynn_Plate 4
M28,5119,no IV BCG control,LLL A,LLL_gr_A,213,1.850751697,1.856326034,1.853538866,0.7631,38.155,2022_Flynn_Plate 4
M29,5119,no IV BCG control,ACC,ACC,500,2.063223281,2.135248088,2.099235685,1.2065,60.325,2022_Flynn_Plate 4
M30,5119,no IV BCG control,ACC A,ACC_gr_A,38,2.182746085,2.169385377,2.176065731,0.76265,38.1325,2022_Flynn_Plate 4
M31,5119,no IV BCG control,ACC B,ACC_gr_B,188,1.411659422,1.471300836,1.441480129,0.132775,6.63875,2022_Flynn_Plate 4
M32,5119,no IV BCG control,Liver,Liver,3900,1.696908348,1.642848981,1.669878665,1.157325,57.86625,2022_Flynn_Plate 4
M33,5119,no IV BCG control,Liver gran 1,Liver_gr_1,990,1.8358357,1.922299079,1.87906739,1.283625,64.18125,2022_Flynn_Plate 4
M34,5119,no IV BCG control,Liver gran 2,Liver_gr_2,1072.5,2.174757764,2.229021301,2.201889533,3.306425,165.32125,2022_Flynn_Plate 4
M35,5119,no IV BCG control,Liver gran 3,Liver_gr_3,220,2.273429074,2.269400412,2.271414743,2.974725,148.73625,2022_Flynn_Plate 4
M36,5119,no IV BCG control,Spleen,Spleen,4380,1.892889345,1.996594779,1.944742062,1.002875,50.14375,2022_Flynn_Plate 4
M37,5119,no IV BCG control,Spleen gran 1,Spleen_gr_1,3060,1.726035485,1.853980509,1.790007997,1.552825,77.64125,2022_Flynn_Plate 4
M38,5119,no IV BCG control,Spleen gran 2,Spleen_gr_2,2125,1.912540923,1.990911657,1.95172629,0.798675,39.93375,2022_Flynn_Plate 4
U1,8621,Nonvax,Sup Pretrach LN,Sup_pretrach_LN,3150,1.926487945,1.902781176,1.914634561,0.7201,36.005,2022_Flynn_Plate 4
U2,8621,Nonvax,LMS Br LN +gran,LMS_Br_LN_gr_1,120000,1.890571424,1.861271676,1.87592155,3.1555,157.775,2022_Flynn_Plate 4
U3,8621,Nonvax,Cent Carin area +gran,Cent_carinal_area_gr_1,450000,2.018602134,1.934956563,1.976779349,2.90365,145.1825,2022_Flynn_Plate 4
U4,8621,Nonvax,R Cran HLN1,R_Cran_HLN_gr_1,9730,2.12953729,2.153957502,2.141747396,2.94025,147.0125,2022_Flynn_Plate 4
U5,8621,Nonvax,R Cran HLN2,R_Cran_HLN_gr_2,2820,1.84763482,1.837935047,1.842784934,0.4403,22.015,2022_Flynn_Plate 4
U6,8621,Nonvax,L Cran HLN2 +gran,L_Cran_HLN_gr_2,150000,1.63950416,1.817773463,1.728638812,3.12715,156.3575,2022_Flynn_Plate 4
U7,8621,Nonvax,Liver,Liver,45,1.398290598,1.321279555,1.359785077,0.13425,6.7125,2022_Flynn_Plate 4
U8,8621,Nonvax,Spleen,Spleen,35,1.60366182,1.678509027,1.641085424,0.07325,3.6625,2022_Flynn_Plate 4
U9,8621,Nonvax,LUL,LUL,1120,1.739114526,1.725266642,1.732190584,0.2361,11.805,2022_Flynn_Plate 4
U10,8621,Nonvax,LUL gr1 cluster,LUL_gr_1,4700,1.811277623,1.739592829,1.775435226,0.3214,16.07,2022_Flynn_Plate 4
U11,8621,Nonvax,LUL gr2,LUL_gr_2,780,1.821854112,1.872382016,1.847118064,0.32435,16.2175,2022_Flynn_Plate 4
U12,8621,Nonvax,LUL gr3,LUL_gr_3,1012.5,1.955554355,1.980172091,1.967863223,1.83155,91.5775,2022_Flynn_Plate 4
U13,8621,Nonvax,LUL gr4/8,LUL_gr_4_8,1750,1.915583016,2.050955161,1.983269089,1.9576,97.88,2022_Flynn_Plate 4
U14,8621,Nonvax,LUL gr5,LUL_gr_5,3925,2.189865922,2.135461385,2.162663654,2.5504,127.52,2022_Flynn_Plate 4
U15,8621,Nonvax,LUL grA,LUL_gr_A,650,1.90834753,1.451413755,1.679880643,0.4339,21.695,2022_Flynn_Plate 4
U16,8621,Nonvax,LML,LML,870,1.623191202,1.610751984,1.616971593,0.70245,35.1225,2022_Flynn_Plate 4
U17,8621,Nonvax,LML gr2,LML_gr_2,550,1.69045192,1.688070294,1.689261107,0.24925,12.4625,2022_Flynn_Plate 4
U18,8621,Nonvax,LML gr3,LML_gr_3,735,1.839959225,1.448226499,1.644092862,0.27275,13.6375,2022_Flynn_Plate 4
U19,8621,Nonvax,LML gr4,LML_gr_4,1800,1.592650265,2.078888391,1.835769328,0.1219,6.095,2022_Flynn_Plate 4
U20,8621,Nonvax,LML gr5,LML_gr_5,900,1.575180815,1.576206834,1.575693825,0.1607,8.035,2022_Flynn_Plate 4
U21,8621,Nonvax,LML gr 6 cluster,LML_gr_6,4960,2.03917176,2.02680586,2.03298881,1.5488,77.44,2022_Flynn_Plate 4
U22,8621,Nonvax,LML gr7/9,LML_gr_7_9,1820,1.804327375,1.803125385,1.80372638,0.39895,19.9475,2022_Flynn_Plate 4
U23,8621,Nonvax,LML gr8,LML_gr_8,3160,2.036659669,1.930863601,1.983761635,0.8966,44.83,2022_Flynn_Plate 4
U24,8621,Nonvax,LML gr10/11 cluster,LML_gr_10_11,16000,2.014209591,1.965268559,1.989739075,1.26585,63.2925,2022_Flynn_Plate 4
U25,8621,Nonvax,LML gr12,LML_gr_12,3815,1.850700708,1.831657356,1.841179032,0.35115,17.5575,2022_Flynn_Plate 4
U26,8621,Nonvax,LLL,LLL,935,1.872640656,1.890993291,1.881816974,0.7863,39.315,2022_Flynn_Plate 4
U27,8621,Nonvax,LLL gr1,LLL_gr_1,26400,2.076722778,1.845956507,1.961339643,1.48135,74.0675,2022_Flynn_Plate 4
U28,8621,Nonvax,LLL gr2,LLL_gr_2,1487.5,2.215795086,2.205242928,2.210519007,2.62815,131.4075,2022_Flynn_Plate 4
U29,8621,Nonvax,LLL gr3,LLL_gr_3,30000,1.856835728,1.873112689,1.864974209,0.471675,23.58375,2022_Flynn_Plate 4
U30,8621,Nonvax,LLL gr4,LLL_gr_4,3960,1.934046031,1.96526913,1.949657581,1.079875,53.99375,2022_Flynn_Plate 4
U31,8621,Nonvax,LLL gr5,LLL_gr_5,60800,1.932949625,1.946089967,1.939519796,1.797675,89.88375,2022_Flynn_Plate 4
U32,8621,Nonvax,LLL gr6,LLL_gr_6,12000,2.089686181,2.121476206,2.105581194,2.777175,138.85875,2022_Flynn_Plate 4
U33,8621,Nonvax,LLL gr7,LLL_gr_7,6800,2.115823817,2.084343229,2.100083523,1.949975,97.49875,2022_Flynn_Plate 4
U34,8621,Nonvax,LLL gr10 cluster,LLL_gr_10,89600,2.062136094,2.067546598,2.064841346,2.905475,145.27375,2022_Flynn_Plate 4
U35,8621,Nonvax,LLL gr11,LLL_gr_11,1325,2.037369334,1.915641685,1.97650551,1.207225,60.36125,2022_Flynn_Plate 4
U36,8621,Nonvax,LLL gr12,LLL_gr_12,48000,2.150218191,2.134846717,2.142532454,2.805825,140.29125,2022_Flynn_Plate 4
U37,8621,Nonvax,LLL gr13,LLL_gr_13,7875,2.092044169,2.084731027,2.088387598,1.389575,69.47875,2022_Flynn_Plate 4
U38,8621,Nonvax,LLL grA,LLL_gr_A,2940,1.909529418,1.952606261,1.93106784,0.735075,36.75375,2022_Flynn_Plate 4
U39,8621,Nonvax,LLL grB,LLL_gr_B,1425,1.97572215,1.924568465,1.950145308,1.420125,71.00625,2022_Flynn_Plate 4
AC1,9521,Nonvax,R carin LN gran,R_carinal_LN_gr_1,336000,1.935837319,1.941571932,1.938704626,2.066625,103.33125,2022_Flynn_Plate 5
AC2,9521,Nonvax,R cran HLN,R_cran_HLN,25,2.00658376,1.829163688,1.917873724,0.066275,3.31375,2022_Flynn_Plate 5
AC3,9521,Nonvax,L cran HLN,L_cran_HLN,30,1.66139468,1.70266915,1.682031915,0.063175,3.15875,2022_Flynn_Plate 5
AC4,9521,Nonvax,LML,LML,760,1.848134135,1.897983132,1.873058634,0.634875,31.74375,2022_Flynn_Plate 5
AC5,9521,Nonvax,LLL GM,LLL_gr_1,1900,1.731020705,1.837349398,1.784185052,0.237325,11.86625,2022_Flynn_Plate 5
AC6,9521,Nonvax,RLL,RLL,900,1.722573363,1.835859782,1.779216573,0.192275,9.61375,2022_Flynn_Plate 5
AC7,9521,Nonvax,RLL gr1,RLL_gr_1,14400,2.03193373,2.000313427,2.016123579,2.401625,120.08125,2022_Flynn_Plate 5
AC8,9521,Nonvax,RLL gr2,RLL_gr_2,67000,1.989824942,1.881319162,1.935572052,2.867475,143.37375,2022_Flynn_Plate 5
AC9,9521,Nonvax,RLL gr3,RLL_gr_3,2760,1.953403447,1.941548261,1.947475854,0.996825,49.84125,2022_Flynn_Plate 5
AC10,9521,Nonvax,RLL gr4 GM,RLL_gr_4,17550,1.969554993,1.959908554,1.964731774,2.700075,135.00375,2022_Flynn_Plate 5
AC11,9521,Nonvax,RLL cluster 5,RLL_gr_5,155000,2.150367584,2.147816407,2.149091996,3.139825,156.99125,2022_Flynn_Plate 5
AC12,9521,Nonvax,RLL cluster 6/7,RLL_gr_6_7,59500,1.951093811,1.941708298,1.946401055,2.219525,110.97625,2022_Flynn_Plate 5
AC13,9521,Nonvax,RLL gr8,RLL_gr_8,51000,1.941588684,1.925820226,1.933704455,2.230575,111.52875,2022_Flynn_Plate 5
AC14,9521,Nonvax,RLL gr9,RLL_gr_9,64000,1.93417328,1.934952723,1.934563002,2.080525,104.02625,2022_Flynn_Plate 5
AC15,9521,Nonvax,RLL gr10 GM,RLL_gr_10,168000,2.04029363,1.793291208,1.916792419,3.021025,151.05125,2022_Flynn_Plate 5
AC16,9521,Nonvax,RLL gr11 GM,RLL_gr_11,1980,1.75203799,1.749899055,1.750968523,0.547575,27.37875,2022_Flynn_Plate 5
AC17,9521,Nonvax,RLL grA,RLL_gr_A,31150,1.993274222,2.009063967,2.001169095,2.394525,119.72625,2022_Flynn_Plate 5
AC18,9521,Nonvax,RLL grB,RLL_gr_B,840,1.90851046,1.607708486,1.758109473,1.077025,53.85125,2022_Flynn_Plate 5
AC19,9521,Nonvax,RLL grC,RLL_gr_C,1050,1.940962587,1.899034699,1.919998643,0.526525,26.32625,2022_Flynn_Plate 5
AZ1,22419,saline control; unvax,R subclav LN gran,R_subclav_LN_gr_1,24000,1.951695442,1.891270303,1.921482873,1.03845,51.9225,2022_Flynn_Plate 5
AZ2,22419,saline control; unvax,R cran HLN gran,R_cran_HLN_gr_1,1800000,1.827280065,1.559709563,1.693494814,0.2111,10.555,2022_Flynn_Plate 5
AZ3,22419,saline control; unvax,R carinal LN gran,R_carinal_LN_gr_1,6270000,1.887428281,1.934155836,1.910792059,0.6913,34.565,2022_Flynn_Plate 5
AZ4,22419,saline control; unvax,L carinal LN gran,L_carinal_LN_gr_1,300,1.628585163,1.608634444,1.618609804,0.2556,12.78,2022_Flynn_Plate 5
AZ5,22419,saline control; unvax,R sup/post paratach ln,R_sup_post_paratach_LN,910,1.503490645,1.553110911,1.528300778,0.17495,8.7475,2022_Flynn_Plate 5
AZ6,22419,saline control; unvax,RUL,RUL,50,1.777888322,1.720496029,1.749192176,0.33305,16.6525,2022_Flynn_Plate 5
AZ7,22419,saline control; unvax,RUL GM,RUL_gr_1,700,1.732009337,1.582290505,1.657149921,1.02615,51.3075,2022_Flynn_Plate 5
AZ8,22419,saline control; unvax,RML GM,RML_gr_1,880,1.855341739,1.863024167,1.859182953,0.48845,24.4225,2022_Flynn_Plate 5
AZ9,22419,saline control; unvax,RLL,RLL,1050,1.812213872,1.815339182,1.813776527,0.5235,26.175,2022_Flynn_Plate 5
AZ10,22419,saline control; unvax,RLL GM,RLL_gr_1B,14400,1.474294753,1.371279032,1.422786893,0.1223,6.115,2022_Flynn_Plate 5
AZ11,22419,saline control; unvax,RLL gran 1,RLL_gr_1A,34400,1.895888566,1.924736671,1.910312619,1.08165,54.0825,2022_Flynn_Plate 5
AZ12,22419,saline control; unvax,RLL cluster 2,RLL_cluster_2,410000,1.958915872,1.90171718,1.930316526,2.01335,100.6675,2022_Flynn_Plate 5
AZ13,22419,saline control; unvax,RLL gran 11,RLL_gr_11,16800,1.848035195,1.845405321,1.846720258,0.60375,30.1875,2022_Flynn_Plate 5
AZ14,22419,saline control; unvax,RLL gran 13 A,RLL_gr_13A,37200,1.656511713,1.673655424,1.665083569,0.33125,16.5625,2022_Flynn_Plate 5
AZ15,22419,saline control; unvax,RLL gran 13 B,RLL_gr_13B,3090,1.763362008,1.809732278,1.786547143,0.29065,14.5325,2022_Flynn_Plate 5
AZ16,22419,saline control; unvax,RLL gran 15A,RLL_gr_15A,17000,1.601451396,1.623544863,1.61249813,0.682,34.1,2022_Flynn_Plate 5
AZ17,22419,saline control; unvax,RLL gran 15B,RLL_gr_15B,43500,1.979524375,1.822714433,1.901119404,1.27915,63.9575,2022_Flynn_Plate 5
AZ18,22419,saline control; unvax,RLL gran 16 doublet,RLL_gr_16,1600,1.87278919,1.871733119,1.872261155,0.4754,23.77,2022_Flynn_Plate 5
AZ19,22419,saline control; unvax,RLL cluster 17/18/19,RLL_cluster_17_18_19,22800,1.26774897,1.269023648,1.268386309,0.13315,6.6575,2022_Flynn_Plate 5
AZ20,22419,saline control; unvax,RLL cluster 20,RLL_cluster_20,50500,1.488343745,1.471742412,1.480043079,0.2318,11.59,2022_Flynn_Plate 5
AZ21,22419,saline control; unvax,RLL cluster 21,RLL_cluster_21,27000,1.937144713,1.965732686,1.9514387,0.958525,47.92625,2022_Flynn_Plate 5
AZ22,22419,saline control; unvax,RLL cluster 23,RLL_cluster_23,16100,1.801196266,1.815639207,1.808417737,1.369325,68.46625,2022_Flynn_Plate 5
AZ23,22419,saline control; unvax,RLL gran 24,RLL_gr_24,1905,1.860182876,1.802458297,1.831320587,0.268175,13.40875,2022_Flynn_Plate 5
AZ24,22419,saline control; unvax,RLL gran 27,RLL_gr_27,7800,1.858326578,1.849421684,1.853874131,0.471775,23.58875,2022_Flynn_Plate 5
AZ25,22419,saline control; unvax,RLL gran 28,RLL_gr_28,24000,1.605445809,1.626552739,1.615999274,0.395925,19.79625,2022_Flynn_Plate 5
AZ26,22419,saline control; unvax,RLL gran 29,RLL_gr_29,20000,1.616235191,1.67517019,1.645702691,0.522425,26.12125,2022_Flynn_Plate 5
AZ27,22419,saline control; unvax,RLL gran A,RLL_gr_A,220,1.460627107,1.48111332,1.470870214,0.225325,11.26625,2022_Flynn_Plate 5
AZ28,22419,saline control; unvax,RLL gran B,RLL_gr_B,5280,1.647228717,1.677513431,1.662371074,0.286325,14.31625,2022_Flynn_Plate 5
AZ29,22419,saline control; unvax,LUL GM,LUL_gr_1,440,1.396927017,1.432501058,1.414714038,0.083225,4.16125,2022_Flynn_Plate 5
AZ30,22419,saline control; unvax,LML GM,LML_gr_1,40,1.677932751,1.625023518,1.651478135,0.470375,23.51875,2022_Flynn_Plate 5
AZ31,22419,saline control; unvax,LLL ,LLL,270,1.699132112,1.490691489,1.594911801,0.2002,10.01,2022_Flynn_Plate 5
AZ32,22419,saline control; unvax,LLL GM,LLL_gr_1,200,1.322671889,1.170146309,1.246409099,0.65985,32.9925,2022_Flynn_Plate 5
AZ33,22419,saline control; unvax,Liver,Liver,,1.183333333,1.074117926,1.12872563,1.13125,56.5625,2022_Flynn_Plate 5
BA1,23219,saline control; unvax,R subclav LN,R_subclav_LN,150,1.586,1.647,1.6165,11.256,562.8,2022_Flynn_Plate 5
BA2,23219,saline control; unvax,L subclav LN,L_subclav_LN,30,1.833,1.832,1.8325,4.345,217.25,2022_Flynn_Plate 5
BA3,23219,saline control; unvax,R cran HLN 1,R_cran_HLN_gr_1,3660,1.498572911,1.505609183,1.502091047,1.15465,57.7325,2022_Flynn_Plate 5
BA4,23219,saline control; unvax,R cran HLN 2 gran,R_cran_HLN_gr_2,391000,1.830081057,1.710230316,1.770155687,0.6241,31.205,2022_Flynn_Plate 5
BA5,23219,saline control; unvax,L cran HLN 2,L_cran_HLN_gr_2,4830,1.283767535,1.201924523,1.242846029,0.72,36,2022_Flynn_Plate 5
BA6,23219,saline control; unvax,Ant paratrach LN,Ant_paratrach_LN,2070,1.124351541,1.041225052,1.082788297,1.1249,56.245,2022_Flynn_Plate 5
BA7,23219,saline control; unvax,R carin LN gran,R_carinal_LN_gr,1224000,Lost,Lost,#DIV/0!,,0,2022_Flynn_Plate 5
BA8,23219,saline control; unvax,L carin LN,L_carinal_LN,780,1.406124093,1.444844989,1.425484541,0.18745,9.3725,2022_Flynn_Plate 5
BA9,23219,saline control; unvax,Liver,Liver,165,1.667363288,1.545360825,1.606362057,0.38925,19.4625,2022_Flynn_Plate 5
BA10,23219,saline control; unvax,Spleen,Spleen,75,1.58688067,1.243287671,1.415084171,0.3406,17.03,2022_Flynn_Plate 5
BA11,23219,saline control; unvax,ACC,ACC,30,1.355178268,1.391811024,1.373494646,0.21025,10.5125,2022_Flynn_Plate 5
BA12,23219,saline control; unvax,LUL,LUL,55,1.343449297,1.148800486,1.246124892,0.13995,6.9975,2022_Flynn_Plate 5
BA13,23219,saline control; unvax,LLL,LLL,520,1.885,1.922,1.9035,15.951,797.55,2022_Flynn_Plate 5
BA14,23219,saline control; unvax,RUL,RUL,80,1.005818182,1.039510607,1.022664395,0.33525,16.7625,2022_Flynn_Plate 5
BA15,23219,saline control; unvax,RML,RML,45,1.440223464,1.430727023,1.435475244,0.11045,5.5225,2022_Flynn_Plate 5
BA16,23219,saline control; unvax,RLL,RLL,1012.5,1.263915286,1.40566128,1.334788283,0.48385,24.1925,2022_Flynn_Plate 5
BA17,23219,saline control; unvax,RLL GM,RLL_gr,110,1.283655421,1.113096163,1.198375792,0.2771,13.855,2022_Flynn_Plate 5
BA18,23219,saline control; unvax,RLL gran 1 GM,RLL_gr_1,57600,0.938735728,0.965437534,0.952086631,0.30355,15.1775,2022_Flynn_Plate 5
BA19,23219,saline control; unvax,RLL 2 cluster,RLL_cluster_2,12000,1.947024504,1.939162619,1.943093562,0.41815,20.9075,2022_Flynn_Plate 5
BA20,23219,saline control; unvax,RLL 3 cluster,RLL_cluster_3,56000,1.66026444,1.660980267,1.660622354,0.6244,31.22,2022_Flynn_Plate 5
BA21,23219,saline control; unvax,RLL 4/5 cluster,RLL_cluster_4_5,2675,1.805314257,1.805314257,1.805314257,0.17665,8.8325,2022_Flynn_Plate 5
BA22,23219,saline control; unvax,RLL gran 6 GM,RLL_gr_6,65400,1.697957447,1.801996246,1.749976847,0.513425,25.67125,2022_Flynn_Plate 5
BA23,23219,saline control; unvax,RLL gran 7 GM,RLL_gr_7,73200,1.462383866,1.502175332,1.482279599,0.333975,16.69875,2022_Flynn_Plate 5
BA24,23219,saline control; unvax,RLL gran 8 GM,RLL_gr_8,75000,1.61912672,1.590685067,1.604905894,0.165975,8.29875,2022_Flynn_Plate 5
BA25,23219,saline control; unvax,RLL 9 cluster,RLL_cluster_9,18600,1.73337551,1.760558126,1.746966818,0.603175,30.15875,2022_Flynn_Plate 5
BA26,23219,saline control; unvax,RLL 10/14 cluster,RLL_cluster_10_14,4760,1.9810429,1.97386051,1.977451705,0.889275,44.46375,2022_Flynn_Plate 5
BA27,23219,saline control; unvax,"RLL 11, 15, 18, 19 cluster",RLL_cluster_11_15_18_19,70000,2.077752045,1.951435947,2.014593996,2.146525,107.32625,2022_Flynn_Plate 5
BA28,23219,saline control; unvax,RLL gran 12 GM,RLL_gr_12,8330,1.924600417,1.94485612,1.934728269,0.739875,36.99375,2022_Flynn_Plate 5
BA29,23219,saline control; unvax,RLL gran 13 doublet,RLL_gr_13,48800,1.877982854,1.869939625,1.87396124,1.595375,79.76875,2022_Flynn_Plate 5
BA30,23219,saline control; unvax,RLL gran 17 GM,RLL_gr_17,88800,1.759119021,1.742241032,1.750680027,0.672625,33.63125,2022_Flynn_Plate 5
BA31,23219,saline control; unvax,RLL gran 20 GM,RLL_gr_20,49800,1.697791841,1.699462004,1.698626923,0.631125,31.55625,2022_Flynn_Plate 5
BA32,23219,saline control; unvax,RLL gran A,RLL_gr_A,400,1.666295297,1.565741155,1.616018226,1.5845,79.225,2022_Flynn_Plate 5
H1,4619,CD8 depleted; IV BCG - 5e7,L ax LN,L_Ax_LN,20,1.359,1.348,1.3535,0.957,47.85,2022_Flynn_Plate 6
H2,4619,CD8 depleted; IV BCG - 5e7,R carinal+gran,R_carinal_gr_1,6750,1.824720321,1.852196988,1.838458655,0.921575,46.07875,2022_Flynn_Plate 6
H3,4619,CD8 depleted; IV BCG - 5e7,RLL,RLL,20,1.306,1.274,1.29,4.123,206.15,2022_Flynn_Plate 6
H4,4619,CD8 depleted; IV BCG - 5e7,RLL 1 Cluster,RLL_cluster_1,3300,1.847238847,1.757139333,1.80218909,3.300475,165.02375,2022_Flynn_Plate 6
L1,5019,CD8 depleted; IV BCG - 5e7,L cran HLN 3 gran,L_cran_HLN_gr_3,93600,1.494,1.495,1.4945,45.391,2269.55,2022_Flynn_Plate 6
P1,5319,CD8 depleted; IV BCG - 5e7,L cran HLN 1 gran,L_cran_HLN_gr_1,44100,1.973781072,2.004173913,1.988977493,1.987,99.35,2022_Flynn_Plate 6
P2,5319,CD8 depleted; IV BCG - 5e7,L cran HLN 2 gran,L_cran_HLN_gr_2,180000,2.248149605,2.19052017,2.219334888,3.2321,161.605,2022_Flynn_Plate 6
P3,5319,CD8 depleted; IV BCG - 5e7,L carinal LN,L_carinal_LN,1225,1.619,1.625,1.622,45.063,2253.15,2022_Flynn_Plate 6
P3*,5319,CD8 depleted; IV BCG - 5e7,L carinal LN (1 colony),L_carinal_LN_gr_1,,1.461,1.466,1.4635,16.734,836.7,2022_Flynn_Plate 6
P4,5319,CD8 depleted; IV BCG - 5e7,LMS Br LN gran,LMS_Br_LN_gr_1,195000,1.888405175,1.832496734,1.860450955,1.4362,71.81,2022_Flynn_Plate 6
P5,5319,CD8 depleted; IV BCG - 5e7,LLL,LLL,3570,1.54,1.544,1.542,55.852,2792.6,2022_Flynn_Plate 6
P6,5319,CD8 depleted; IV BCG - 5e7,LLL gran 1,LLL_gr_1,34200,2.326906754,2.347164765,2.33703576,2.8435,142.175,2022_Flynn_Plate 6
P7,5319,CD8 depleted; IV BCG - 5e7,LLL gran 2,LLL_gr_2,630,2.11598358,2.149947497,2.132965539,1.57965,78.9825,2022_Flynn_Plate 6
P8,5319,CD8 depleted; IV BCG - 5e7,LLL gran 3,LLL_gr_3,4640,2.331482023,2.400663842,2.366072933,2.77,138.5,2022_Flynn_Plate 6
P9,5319,CD8 depleted; IV BCG - 5e7,LLL gran 4,LLL_gr_4,60,2.052084901,2.08067635,2.066380626,1.4975,74.875,2022_Flynn_Plate 6
P10,5319,CD8 depleted; IV BCG - 5e7,LLL gran 6,LLL_gr_6,1305,1.844923077,1.882145864,1.863534471,1.1395,56.975,2022_Flynn_Plate 6
P11,5319,CD8 depleted; IV BCG - 5e7,LLL gran 8,LLL_gr_8,6500,2.208027923,2.356891897,2.28245991,3.33285,166.6425,2022_Flynn_Plate 6
P12,5319,CD8 depleted; IV BCG - 5e7,LLL gran 10,LLL_gr_10,4200,2.206819033,2.268106346,2.23746269,3.2897,164.485,2022_Flynn_Plate 6
P13,5319,CD8 depleted; IV BCG - 5e7,LLL gran 11,LLL_gr_11,3200,2.081335433,2.076174743,2.078755088,2.868,143.4,2022_Flynn_Plate 6
P14,5319,CD8 depleted; IV BCG - 5e7,LLL gran 12,LLL_gr_12,3200,1.929994404,1.858419122,1.894206763,1.6475,82.375,2022_Flynn_Plate 6
P15,5319,CD8 depleted; IV BCG - 5e7,RLL,RLL,1,1.41367781,1.49752409,1.45560095,0.9083,45.415,2022_Flynn_Plate 6
Q1,5619,CD8 depleted; IV BCG - 5e7,L cran HLN subaortic,L_cran_HLN_subaortic,70,1.93,2,1.965,0.326,16.3,2022_Flynn_Plate 6
Q2,5619,CD8 depleted; IV BCG - 5e7,L cran HLN 1,L_cran_HLN_gr_1,300,1.462,1.507,1.4845,52.901,2645.05,2022_Flynn_Plate 6
Q3,5619,CD8 depleted; IV BCG - 5e7,L carin LN,L_carinal_LN,20,1.553,1.671,1.612,0.546,27.3,2022_Flynn_Plate 6
Q4,5619,CD8 depleted; IV BCG - 5e7,LMS LN 1 gran,LMS_LN_gr_1,690000,1.926147191,1.749920343,1.838033767,3.102225,155.11125,2022_Flynn_Plate 6
Q5,5619,CD8 depleted; IV BCG - 5e7,LMS LN 2,LMS_LN_gr_2,100,1.513,1.517,1.515,28.843,1442.15,2022_Flynn_Plate 6
Q6,5619,CD8 depleted; IV BCG - 5e7,Paraesoph LN 1 gran,Paraesoph_LN_gr_1,2156000,1.831643092,1.862411917,1.847027505,3.110175,155.50875,2022_Flynn_Plate 6
Q7,5619,CD8 depleted; IV BCG - 5e7,LLL,LLL,12070,1.665,1.708,1.6865,51.421,2571.05,2022_Flynn_Plate 6
Q8,5619,CD8 depleted; IV BCG - 5e7,LLL gran 1,LLL_gr_1,6200,1.909613466,1.890741143,1.900177305,2.187875,109.39375,2022_Flynn_Plate 6
Q9,5619,CD8 depleted; IV BCG - 5e7,LLL gran 2,LLL_gr_2,148000,2.040059251,1.805199723,1.922629487,2.937075,146.85375,2022_Flynn_Plate 6
Q10,5619,CD8 depleted; IV BCG - 5e7,LLL gran A,LLL_gr_A,1177.5,1.708047554,1.719408732,1.713728143,1.312375,65.61875,2022_Flynn_Plate 6
Q11,5619,CD8 depleted; IV BCG - 5e7,LLL gran B,LLL_gr_B,730,1.195856002,1.21952776,1.207691881,0.248575,12.42875,2022_Flynn_Plate 6
Q12,5619,CD8 depleted; IV BCG - 5e7,LLL gran C,LLL_gr_C,7750,1.656517935,1.707638041,1.682077988,0.275675,13.78375,2022_Flynn_Plate 6
S1,5819,CD8 depleted; IV BCG - 5e7,RLL (GM),RLL_gr_1B,803,1.415,1.414,1.4145,45.584,2279.2,2022_Flynn_Plate 6
S2,5819,CD8 depleted; IV BCG - 5e7,RLL gran 1 (GM),RLL_gr_1A,2580,1.594790548,1.592681624,1.593736086,0.29755,14.8775,2022_Flynn_Plate 6
V1,8721,CD8b depletion; IV BCG,LMS Br LN gran,LMS_Br_LN_gr_1,300000,1.784554569,2.115939222,1.950246896,3.248375,162.41875,2022_Flynn_Plate 6
V2,8721,CD8b depletion; IV BCG,LLL GM,LLL_gr_1,413,1.670859932,1.658049138,1.664454535,0.224275,11.21375,2022_Flynn_Plate 6
W1,8921,CD8b depletion; IV BCG,RLL,RLL,1376,2.026374149,2.062022584,2.044198367,1.2605,63.025,2022_Flynn_Plate 6
X1,9021,CD8b depletion; IV BCG,R carin LN,R_carinal_LN,300,1.935710378,1.801369863,1.868540121,0.584225,29.21125,2022_Flynn_Plate 6
X2,9021,CD8b depletion; IV BCG,RLL,RLL,122,1.717942909,1.705948626,1.711945768,0.189425,9.47125,2022_Flynn_Plate 6
Y1,9121,CD8b depletion; IV BCG,L ax LN,L_Ax_LN,120,1.286039454,1.75,1.518019727,0.05585,2.7925,2022_Flynn_Plate 6
Y2,9121,CD8b depletion; IV BCG,R ax LN,R_Ax_LN,560,1.684354486,1.542780749,1.613567618,0.17795,8.8975,2022_Flynn_Plate 6
Y3,9121,CD8b depletion; IV BCG,L ing LN,L_ing_LN,100,2.174,2.274193548,2.224096774,0.0589,2.945,2022_Flynn_Plate 6
Y4,9121,CD8b depletion; IV BCG,R ing LN,R_ing_LN,40,1.128571429,1.131578947,1.130075188,-0.00305,-0.1525,2022_Flynn_Plate 6
Z1,9221,CD8a depletion; IV BCG,LMS Br LN gran,LMS_Br_LN_gr_1,67200,1.990114624,1.965552056,1.97783334,1.255125,62.75625,2022_Flynn_Plate 6
Z2,9221,CD8a depletion; IV BCG,L carin LN gran,L_carinal_LN_gr_1,8400,1.623601387,1.626175803,1.624888595,1.247025,62.35125,2022_Flynn_Plate 6
Z3,9221,CD8a depletion; IV BCG,L cran HLN 2,L_cran_HLN_gr_2,180000,1.51759015,1.470741902,1.494166026,0.078325,3.91625,2022_Flynn_Plate 6
Z4,9221,CD8a depletion; IV BCG,LLL,LLL,80,1.734404537,1.752764613,1.743584575,0.050675,2.53375,2022_Flynn_Plate 6
Z5,9221,CD8a depletion; IV BCG,LLL gr1/2,LLL_gr_1_2,3570,1.291748527,1.299204771,1.295476649,0.032775,1.63875,2022_Flynn_Plate 6
Z6,9221,CD8a depletion; IV BCG,LLL gr 4,LLL_gr_4,3180,1.836778594,1.808555059,1.822666827,0.903225,45.16125,2022_Flynn_Plate 6
Z7,9221,CD8a depletion; IV BCG,LLL gr 5,LLL_gr_5,8575,2.022919221,2.019322235,2.021120728,1.506725,75.33625,2022_Flynn_Plate 6
Z8,9221,CD8a depletion; IV BCG,LLL gr 6,LLL_gr_6,310,1.91940697,1.84825388,1.883830425,0.508175,25.40875,2022_Flynn_Plate 6
AB1,9421,CD8b depletion; IV BCG,R paratrach LN,R_paratrach_LN,20,1.637272403,1.598908893,1.618090648,0.2405,12.025,2022_Flynn_Plate 6
AB2,9421,CD8b depletion; IV BCG,R cran HLN gran,R_cran_HLN_gr_1,22000,1.80089444,1.813163263,1.807028852,1.72845,86.4225,2022_Flynn_Plate 6
AB3,9421,CD8b depletion; IV BCG,RLL,RLL,2918,1.967969583,1.894507251,1.931238417,2.27635,113.8175,2022_Flynn_Plate 6
AB4,9421,CD8b depletion; IV BCG,RLL gr 1 cluster GM,RLL_gr_1,129280,1.281695793,1.422162822,1.351929308,0.74505,37.2525,2022_Flynn_Plate 6
AD1,9721,CD8a depletion; IV BCG,Pretrach LN gran,Pretrach_LN_gr_1,25000,1.853646558,1.847555045,1.850600802,0.54425,27.2125,2022_Flynn_Plate 6
AD2,9721,CD8a depletion; IV BCG,Paraesoph LN gran,Paraesoph_LN_gr_1,3720,1.533988705,1.526979533,1.530484119,0.184,9.2,2022_Flynn_Plate 6
AD3,9721,CD8a depletion; IV BCG,RMS LN gran,RMS_LN_gr_1,2065,1.913034644,1.96968522,1.941359932,1.4046,70.23,2022_Flynn_Plate 6
AD4,9721,CD8a depletion; IV BCG,Paracostal Abs 1,Paracostal_Abs_1,25,1.776,1.839346494,1.807673247,0.06985,3.4925,2022_Flynn_Plate 6
AD5,9721,CD8a depletion; IV BCG,Paracostal Abs 2,Paracostal_Abs_2,3775,1.812485277,1.7921162,1.802300739,1.0145,50.725,2022_Flynn_Plate 6
AD6,9721,CD8a depletion; IV BCG,Paracostal Abs 4,Paracostal_Abs_4,32500,2.130402616,2.126344679,2.128373648,2.2005,110.025,2022_Flynn_Plate 6
AD7,9721,CD8a depletion; IV BCG,Paravert  Abs 1,Paravert_Abs_1,14700,2.123262484,2.143915766,2.133589125,2.1567,107.835,2022_Flynn_Plate 6
AD8,9721,CD8a depletion; IV BCG,Paravert Abs 2,Paravert_Abs_2,580,1.95385236,1.936975102,1.945413731,0.6285,31.425,2022_Flynn_Plate 6
AD9,9721,CD8a depletion; IV BCG,RLL gr1,RLL_gr_1,960,1.549424388,1.412256833,1.480840611,1.02855,51.4275,2022_Flynn_Plate 6
AD10,9721,CD8a depletion; IV BCG,RLL gr2,RLL_gr_2,270,1.860310531,1.960405264,1.910357898,0.6792,33.96,2022_Flynn_Plate 6
AD11,9721,CD8a depletion; IV BCG,RLL gr3,RLL_gr_3,100,1.914514478,1.953843093,1.934178786,0.7658,38.29,2022_Flynn_Plate 6
AD12,9721,CD8a depletion; IV BCG,RLL gr4,RLL_gr_4,340,1.939688849,1.92621123,1.93295004,0.7101,35.505,2022_Flynn_Plate 6
AD13,9721,CD8a depletion; IV BCG,RLL gr5,RLL_gr_5,2040,1.763041422,1.846323887,1.804682655,1.1046,55.23,2022_Flynn_Plate 6
AD14,9721,CD8a depletion; IV BCG,RLL gr6,RLL_gr_6,37.5,1.992852889,1.923916521,1.958384705,0.71825,35.9125,2022_Flynn_Plate 6
AD15,9721,CD8a depletion; IV BCG,RLL grA,RLL_gr_A,1020,1.939978253,1.939578838,1.939778546,0.66035,33.0175,2022_Flynn_Plate 6
AE1,9821,CD8b depletion; IV BCG,R carin LN gran,R_carinal_LN_gr_1,160000,1.983720874,2.003607022,1.993663948,1.968575,98.42875,2022_Flynn_Plate 6
AE2,9821,CD8b depletion; IV BCG,R cran HLN 1,R_cran_HLN_gr_1,7500,1.942223223,1.924646746,1.933434985,2.131725,106.58625,2022_Flynn_Plate 6
AE3,9821,CD8b depletion; IV BCG,RLL gr 1 GM,RLL_gr_1,30250,1.43541502,1.4449038,1.44015941,0.681225,34.06125,2022_Flynn_Plate 6
AE4,9821,CD8b depletion; IV BCG,RLL gr 2,RLL_gr_2,263,1.96610669,1.900369669,1.93323818,0.513625,25.68125,2022_Flynn_Plate 6
AE5,9821,CD8b depletion; IV BCG,RLL gr 3 GM,RLL_gr_3,385,1.755401151,1.810963749,1.78318245,0.330125,16.50625,2022_Flynn_Plate 6
AG1,10021,CD8b depletion; IV BCG,L pretrach LN,L_pretrach_LN,225,1.768598396,1.743814276,1.756206336,0.4319,21.595,2022_Flynn_Plate 6
AG2,10021,CD8b depletion; IV BCG,R pretrach LN gran,R_pretrach_LN_gr_1,9730,2.132489877,2.194117101,2.163303489,2.90635,145.3175,2022_Flynn_Plate 6
AG3,10021,CD8b depletion; IV BCG,Paraesoph LN sup/post gran,Paraesoph_LN_sup_post_gr_1,4080,2.127263828,1.928788475,2.028026152,1.4893,74.465,2022_Flynn_Plate 7
AG4,10021,CD8b depletion; IV BCG,cent carin LN gran,Cent_carinal_LN_gr_1,76300,2.014727714,2.122494317,2.068611016,3.033425,151.67125,2022_Flynn_Plate 7
AG5,10021,CD8b depletion; IV BCG,R cran HLN,R_cran_HLN_gr_1,840,1.947698966,1.948563665,1.948131316,0.837775,41.88875,2022_Flynn_Plate 7
AG6,10021,CD8b depletion; IV BCG,L cran HLN 2,L_cran_HLN_gr_2,245,1.832820197,1.84666362,1.839741909,0.175425,8.77125,2022_Flynn_Plate 7
AG7,10021,CD8b depletion; IV BCG,Spleen,Spleen,55,1.762312187,1.634357345,1.698334766,0.221275,11.06375,2022_Flynn_Plate 7
AG8,10021,CD8b depletion; IV BCG,access gr 1 TB Pneum,ACC_TB_Pneum_gr_1,10890,1.967541337,1.970258745,1.968900041,1.365725,68.28625,2022_Flynn_Plate 7
AP1,21619,CD8 depleted; IV BCG - 5e7,L ax LN,L_Ax_LN,120,1.86527737,1.648648649,1.75696301,0.151875,7.59375,2022_Flynn_Plate 7
AP2,21619,CD8 depleted; IV BCG - 5e7,R cran HLN ,R_cran_HLN,15400,1.548333518,1.64715646,1.597744989,0.410475,20.52375,2022_Flynn_Plate 7
AP3,21619,CD8 depleted; IV BCG - 5e7,L paratrach LN ,L_paratrach_LN,180000,1.814886606,1.922379153,1.86863288,1.189175,59.45875,2022_Flynn_Plate 7
AP4,21619,CD8 depleted; IV BCG - 5e7,Central carin LN ,Central_carinal_LN,72500,1.882581186,1.885717406,1.884149296,1.320625,66.03125,2022_Flynn_Plate 7
AP5,21619,CD8 depleted; IV BCG - 5e7,RMS Br LN,RMS_Br_LN,6090,1.826806283,1.803125678,1.814965981,0.212875,10.64375,2022_Flynn_Plate 7
AP6,21619,CD8 depleted; IV BCG - 5e7,RLL,RLL,4800,1.481976305,1.558678644,1.520327475,0.140725,7.03625,2022_Flynn_Plate 7
AP7,21619,CD8 depleted; IV BCG - 5e7,RLL gran 3 cluster GM,RLL_gr_3,88800,2.084763925,2.044866885,2.064815405,2.268575,113.42875,2022_Flynn_Plate 7
AP8,21619,CD8 depleted; IV BCG - 5e7,RLL gran 4 GM ,RLL_gr_4,20400,2.137989444,2.15132643,2.144657937,2.202675,110.13375,2022_Flynn_Plate 7
AQ1,21719,CD8 depleted; IV BCG - 5e7,R cran HLN  gran,R_cran_HLN_gr_1,500,1.587807097,1.453496266,1.520651682,0.09715,4.8575,2022_Flynn_Plate 7
AQ2,21719,CD8 depleted; IV BCG - 5e7,R carinal LN gran,R_carinal_LN_gr_1,440000,1.941752221,1.993188095,1.967470158,1.72455,86.2275,2022_Flynn_Plate 7
AQ3,21719,CD8 depleted; IV BCG - 5e7,L carin LN,L_carinal_LN,200,1.541417592,1.61709212,1.579254856,0.08155,4.0775,2022_Flynn_Plate 7
AQ4,21719,CD8 depleted; IV BCG - 5e7,SUP post paratrach LN gran,Sup_post_paratrach_LN_gr_1,3010,1.890821256,1.555703325,1.723262291,0.52695,26.3475,2022_Flynn_Plate 7
AQ5,21719,CD8 depleted; IV BCG - 5e7,INF post paratrach LN gran,Inf_post_paratrach_LN_gr_1,5340,1.852343836,1.394214811,1.623279324,0.86285,43.1425,2022_Flynn_Plate 7
AQ6,21719,CD8 depleted; IV BCG - 5e7,Paraesoph LN ,Paraesoph_LN,89200,1.837070254,1.840152287,1.838611271,1.5646,78.23,2022_Flynn_Plate 7
AQ7,21719,CD8 depleted; IV BCG - 5e7,Liver gran 1,Liver_gr_1,30,1.712858095,1.7866394,1.749748748,0.1298,6.49,2022_Flynn_Plate 7
AQ8,21719,CD8 depleted; IV BCG - 5e7,RLL,RLL,210,1.209049678,2.17378584,1.691417759,0.37945,18.9725,2022_Flynn_Plate 7
AQ9,21719,CD8 depleted; IV BCG - 5e7,"RLL cluster 1, 2, 3, 5",RLL_cluster_1_2_3_5,24400,1.56883717,1.327353084,1.448095127,1.34435,67.2175,2022_Flynn_Plate 7
AQ10,21719,CD8 depleted; IV BCG - 5e7,RLL gran 4 GM,RLL_gr_4,180,1.765552941,1.92353845,1.844545696,1.1262,56.31,2022_Flynn_Plate 7
AQ11,21719,CD8 depleted; IV BCG - 5e7,RLL 7 cluster,RLL_cluster_7,22050,1.844688679,2.061233176,1.952960928,1.9589,97.945,2022_Flynn_Plate 7
AQ12,21719,CD8 depleted; IV BCG - 5e7,RLL gran 8 GM,RLL_gr_8,700,2.022841657,2.0995671,2.061204379,0.264,13.2,2022_Flynn_Plate 7
AQ13,21719,CD8 depleted; IV BCG - 5e7,RLL 9 cluster,RLL_cluster_9,7132.5,1.835098449,1.444542254,1.639820352,0.9023,45.115,2022_Flynn_Plate 7
AQ14,21719,CD8 depleted; IV BCG - 5e7,RLL gran A GM,RLL_gr_A,1250,1.731079266,3.16722973,2.449154498,0.42765,21.3825,2022_Flynn_Plate 7
AR1,22319,CD8 depleted; IV BCG - 5e7,L cran HLN,L_cran_HLN,160,1.752268399,1.759341122,1.755804761,18.5265,926.325,2022_Flynn_Plate 7
AR2,22319,CD8 depleted; IV BCG - 5e7,Cent Carin LN,Cent_carinal_LN,,1.923,1.993,1.958,1.6179,80.895,2022_Flynn_Plate 7
AS1,23019,CD8 depleted; IV BCG - 5e7,R subclav LN,R_subclav_LN,60,1.653,1.651,1.652,2.927275,146.36375,2022_Flynn_Plate 7
AS2,23019,CD8 depleted; IV BCG - 5e7,RMS LN gran,RMS_LN_gr_1,1560,1.702992715,1.602534751,1.652763733,0.461225,23.06125,2022_Flynn_Plate 7
AS3,23019,CD8 depleted; IV BCG - 5e7,RLL gran 1 GM,RLL_gr_1,1320,1.694750786,1.72021153,1.707481158,1.391125,69.55625,2022_Flynn_Plate 7
AS4,23019,CD8 depleted; IV BCG - 5e7,RLL gran 2 GM,RLL_gr_2,17400,1.456220544,1.717264866,1.586742705,1.202125,60.10625,2022_Flynn_Plate 7
AS5,23019,CD8 depleted; IV BCG - 5e7,RLL gran 3 GM,RLL_gr_3,16200,2.042531752,2.024899906,2.033715829,2.214825,110.74125,2022_Flynn_Plate 7
AT1,23119,CD8 depleted; IV BCG - 5e7,R cran HLN gran,R_cran_HLN_gr_1,36800,1.681151367,1.675303197,1.678227282,0.379025,18.95125,2022_Flynn_Plate 7
AT2,23119,CD8 depleted; IV BCG - 5e7,R carinal LN gran,R_carinal_LN_gr_1,90800,2.077362845,2.052334794,2.06484882,1.045575,52.27875,2022_Flynn_Plate 7
AT3,23119,CD8 depleted; IV BCG - 5e7,Inf pretrach gran,Inf_pretrach_gr_1,252000,2.002884698,2.008012162,2.00544843,1.192375,59.61875,2022_Flynn_Plate 7
AT4,23119,CD8 depleted; IV BCG - 5e7,RMS br ln,RMS_Br_LN,120,1.804465494,1.845596433,1.825030964,0.074725,3.73625,2022_Flynn_Plate 7
AT5,23119,CD8 depleted; IV BCG - 5e7,RML,RML,225,1.695121951,1.648904006,1.672012979,0.104925,5.24625,2022_Flynn_Plate 7
AT6,23119,CD8 depleted; IV BCG - 5e7,RLL,RLL,405,1.562017145,1.604420817,1.583218981,0.727375,36.36875,2022_Flynn_Plate 7
AT7,23119,CD8 depleted; IV BCG - 5e7,RLL 1 cluster,RLL_cluster_1,225000,1.779127949,1.786702884,1.782915417,0.65645,32.8225,2022_Flynn_Plate 7
AT8,23119,CD8 depleted; IV BCG - 5e7,RLL gran 2,RLL_gr_2,30600,1.880759921,1.790321827,1.835540874,1.9878,99.39,2022_Flynn_Plate 7
AT9,23119,CD8 depleted; IV BCG - 5e7,RLL gran 3,RLL_gr_3,5340,1.509759174,1.45778588,1.483772527,1.2082,60.41,2022_Flynn_Plate 7
AT10,23119,CD8 depleted; IV BCG - 5e7,RLL gran 5 GM,RLL_gr_5,3575,1.447935581,1.45805981,1.452997696,0.9083,45.415,2022_Flynn_Plate 7
AT11,23119,CD8 depleted; IV BCG - 5e7,RLL 7 Cluster,RLL_cluster_7,120450,1.674642208,1.906938507,1.790790358,1.66975,83.4875,2022_Flynn_Plate 7
AT12,23119,CD8 depleted; IV BCG - 5e7,RLL A,RLL_gr_A,3382.5,1.476140808,1.465013504,1.470577156,0.2907,14.535,2022_Flynn_Plate 7
AT13,23119,CD8 depleted; IV BCG - 5e7,RLL gran A doublet,RLL_gr_A_doublet,Unkown,2.062685509,2.055680514,2.059183012,2.2836,114.18,2022_Flynn_Plate 7
AT14,23119,CD8 depleted; IV BCG - 5e7,LML,LML,85,1.625824694,1.739049969,1.682437332,0.1136,5.68,2022_Flynn_Plate 7
AT15,23119,CD8 depleted; IV BCG - 5e7,LML GM,LML_gr_1,180,1.653,1.611,1.632,13.421,671.05,2022_Flynn_Plate 7
AU1,23319,CD8 depleted; IV BCG - 5e7,Post R subclav,R_post_subclav,70,1.557,1.545,1.551,7.737,386.85,2022_Flynn_Plate 7
AU2,23319,CD8 depleted; IV BCG - 5e7,R cran HLN Gran,R_cran_HLN_gr_1,242400,1.938580288,1.665395674,1.801987981,1.4007,70.035,2022_Flynn_Plate 7
AU3,23319,CD8 depleted; IV BCG - 5e7,L cran HLN gran,L_cran_HLN_gr_1,5340,1.566562932,1.576846889,1.571704911,1.3562,67.81,2022_Flynn_Plate 7
AU4,23319,CD8 depleted; IV BCG - 5e7,R carinal LN gran,R_carinal_LN_gr_1,406000,1.865940948,1.937807125,1.901874037,0.6283,31.415,2022_Flynn_Plate 7
AU5,23319,CD8 depleted; IV BCG - 5e7,L carinal LN gran,L_carinal_LN_gr_1,220,2.069684639,4.282227785,3.175956212,0.2728,13.64,2022_Flynn_Plate 7
AU6,23319,CD8 depleted; IV BCG - 5e7,Pretrach LN gran,Pretrach_LN_gr_1,1855,1.97407045,2.419778453,2.196924452,1.18155,59.0775,2022_Flynn_Plate 7
AU7,23319,CD8 depleted; IV BCG - 5e7,RMB LN gran,RMB_LN_gr_1,11000,2.130827639,2.090529859,2.110678749,1.4157,70.785,2022_Flynn_Plate 7
AU8,23319,CD8 depleted; IV BCG - 5e7,Spleen Gr 1,Spleen_gr_1,,1.307017544,1.328744493,1.317881019,0.35605,17.8025,2022_Flynn_Plate 7
AU9,23319,CD8 depleted; IV BCG - 5e7,Spleen Gr 2,Spleen_gr_2,,1.017839845,2.016766192,1.517303019,0.53475,26.7375,2022_Flynn_Plate 7
AU10,23319,CD8 depleted; IV BCG - 5e7,Liver Gr 1,Liver_gr_1,,1.684073421,2.08567225,1.884872836,0.755625,37.78125,2022_Flynn_Plate 7
AU11,23319,CD8 depleted; IV BCG - 5e7,Liver Gr 2,Liver_gr_2,,1.288667315,3.125972763,2.207320039,0.439725,21.98625,2022_Flynn_Plate 7
AU12,23319,CD8 depleted; IV BCG - 5e7,Liver Gr 3,Liver_gr_3,,1.592962267,1.789084431,1.691023349,0.922975,46.14875,2022_Flynn_Plate 7
AU13,23319,CD8 depleted; IV BCG - 5e7,RUL,RUL,85,1.072,1.073,1.0725,0.640875,32.04375,2022_Flynn_Plate 7
AU14,23319,CD8 depleted; IV BCG - 5e7,RML GM,RML_gr_1,10,1.591520603,1.51303681,1.552278707,3.259,162.95,2022_Flynn_Plate 7
AU15,23319,CD8 depleted; IV BCG - 5e7,RML A,RML_A,97.5,2.024976042,2.001586433,2.013281238,0.879975,43.99875,2022_Flynn_Plate 7
AU16,23319,CD8 depleted; IV BCG - 5e7,RML B,RML_B,360,2.004487037,1.887196519,1.945841778,1.070275,53.51375,2022_Flynn_Plate 7
AU17,23319,CD8 depleted; IV BCG - 5e7,RLL 1 pneumo,RLL_gr_1_pneumo,2310000,1.916248432,1.922773754,1.919511093,1.364175,68.20875,2022_Flynn_Plate 7
AU18,23319,CD8 depleted; IV BCG - 5e7,"RLL 2,3,4 cluster",RLL_cluster_2_3_4,6265,2.003142218,1.951588834,1.977365526,1.137525,56.87625,2022_Flynn_Plate 7
AU19,23319,CD8 depleted; IV BCG - 5e7,RLL 5,RLL_gr_5,485,1.829259259,1.8742506,1.85175493,0.341525,17.07625,2022_Flynn_Plate 7
AU20,23319,CD8 depleted; IV BCG - 5e7,RLL A,RLL_gr_A,25,1.494907856,1.683489305,1.589198581,0.140025,7.00125,2022_Flynn_Plate 7
AU21,23319,CD8 depleted; IV BCG - 5e7,RLL B,RLL_gr_B,430,1.90198597,1.842130472,1.872058221,0.962,48.1,2022_Flynn_Plate 7
AU22,23319,CD8 depleted; IV BCG - 5e7,RLL C,RLL_gr_C,1553.75,1.802886903,1.502772954,1.652829929,1.5231,76.155,2022_Flynn_Plate 7
AU23,23319,CD8 depleted; IV BCG - 5e7,RLL D,RLL_gr_D,192.5,1.161023246,1.134909291,1.147966269,0.5315,26.575,2022_Flynn_Plate 7
AU24,23319,CD8 depleted; IV BCG - 5e7,RLL E,RLL_gr_E,320,1.606557377,1.64354464,1.625051009,0.58945,29.4725,2022_Flynn_Plate 7
AU25,23319,CD8 depleted; IV BCG - 5e7,LLL,LLL,980,1.95,1.941,1.9455,34.769,1738.45,2022_Flynn_Plate 7
AU26,23319,CD8 depleted; IV BCG - 5e7,ACC,ACC,990,1.740160489,1.684510611,1.71233555,0.2468,12.34,2022_Flynn_Plate 7
AU27,23319,CD8 depleted; IV BCG - 5e7,ACC A 1,ACC_gr_A1,15,1.594105263,1.178868653,1.386486958,0.339,16.95,2022_Flynn_Plate 7
AU28,23319,CD8 depleted; IV BCG - 5e7,ACC A 2,ACC_gr_A2,2.5,1.133016089,1.082002547,1.107509318,0.4011,20.055,2022_Flynn_Plate 7
AU29,23319,CD8 depleted; IV BCG - 5e7,ACC A 3,ACC_gr_A3,12.5,1.539946898,1.564932021,1.55243946,0.24295,12.1475,2022_Flynn_Plate 7
AU30,23319,CD8 depleted; IV BCG - 5e7,ACC B,ACC_gr_B,65,1.836428519,1.631050904,1.733739712,1.51235,75.6175,2022_Flynn_Plate 7
AU31,23319,CD8 depleted; IV BCG - 5e7,ACC C,ACC_gr_C,42.5,1.323076923,1.118644068,1.220860496,0.0038,0.19,2022_Flynn_Plate 7
AU32,23319,CD8 depleted; IV BCG - 5e7,ACC D,ACC_gr_D,80,1.680190931,1.601713062,1.640951997,0.0363,1.815,2022_Flynn_Plate 7
BB1,19321,,R Carin fat,R_carinal_fat,2,2.470219436,2.528428094,2.499323765,0.0386,1.93,2022_Flynn_Plate 8
BB2,19321,,Acc gr1,ACC_gr_1,tntc,1.971830986,2.176172165,2.074001576,3.29015,164.5075,2022_Flynn_Plate 8
BB3,19321,,R Carin LN gr,R_carinal_LN_gr_1,tntc,2.116814159,2.18610574,2.15145995,2.3847,119.235,2022_Flynn_Plate 8
BC1,19421,,L Cran HLN2,L_Cran_HLN_gr_2,1,1.123966942,1.050359712,1.087163327,-0.00705,-0.3525,2022_Flynn_Plate 8
BC2,19421,,R Carin LN,R_carinal_LN,2,2.136622391,2.166344294,2.151483342,0.05615,2.8075,2022_Flynn_Plate 8
BC3,19421,,RLL test,RLL_test,4,2.124610592,2.127253446,2.125932019,0.1013,5.065,2022_Flynn_Plate 8
BD1,19521,,RLL test,RLL_test,1,1.596396396,2.182509506,1.889452951,0.0365,1.825,2022_Flynn_Plate 8
BD2,19521,,R Ing LN,R_ing_LN,1,1.939896373,2.017957351,1.978926862,0.09175,4.5875,2022_Flynn_Plate 8
BD3,19521,,R Carin LN,R_carinal_LN,1,2.042780749,2.080305927,2.061543338,0.05585,2.7925,2022_Flynn_Plate 8
BD4,19521,,RMS Br LN,RMS_Br_LN,2,2.644295302,2.87394958,2.759122441,0.0184,0.92,2022_Flynn_Plate 8
BE1,19621,,LLL GM,LLL_gr_1,6,1.761653825,1.859249291,1.810451558,0.167983333,8.39916665,2022_Flynn_Plate 8
BF1,19921,,Ling LN,L_ing_LN,22,2.041033425,1.98958031,2.015306868,0.226483333,11.32416665,2022_Flynn_Plate 8
BF2,19921,,Lax LN,L_Ax_LN,362,1.946538301,1.881843817,1.914191059,0.639283333,31.96416665,2022_Flynn_Plate 8
BF3,19921,,R carin ln gr,R_carinal_LN_gr_1,tntc,2.231356516,2.314165618,2.272761067,1.82703333,91.3516665,2022_Flynn_Plate 8
BF4,19921,,R cran hln gr,R_cran_HLN_gr_1,tntc,2.199973222,2.208120454,2.204046838,1.09533333,54.7666665,2022_Flynn_Plate 8
BF5,19921,,L carin ln,L_carinal_LN,5,1.929996191,1.954045515,1.942020853,0.16838333,8.4191665,2022_Flynn_Plate 8
BF6,19921,,pretrach ln complex,Pretrach_LN_complex,3,1.860047705,1.917920494,1.888984099,0.04928333,2.4641665,2022_Flynn_Plate 8
BF7,19921,,liver,Liver,7,1.926897733,1.911452114,1.919174923,0.08823333,4.4116665,2022_Flynn_Plate 8
BF8,19921,,acc gr 1,ACC_gr_1,3,4.69999265,-1.818178099,1.440907275,0.00223333,0.1116665,2022_Flynn_Plate 8
BF9,19921,,lll gr 1,LLL_gr_1,8,1.986217274,1.931192524,1.958704899,0.04968333,2.4841665,2022_Flynn_Plate 8
BF10,19921,,lml gr 1,LML_gr_1,11,2.251282051,2.398773006,2.325027529,0.02075,1.0375,2022_Flynn_Plate 8
BF11,19921,,lml 2 cluster,LML_cluster_2,12,2.222535211,2.034013605,2.128274408,0.04215,2.1075,2022_Flynn_Plate 8
BF12,19921,,lml gr 3,LML_gr_3,5,1.945244957,1.8,1.872622478,0.03645,1.8225,2022_Flynn_Plate 8
BF13,19921,,rll gr 1,RLL_gr_1,3,1.832282472,1.869001297,1.850641884,0.07235,3.6175,2022_Flynn_Plate 8
BF14,19921,,rll gr 2,RLL_gr_2,36,2.328903654,2.356890459,2.342897057,0.0342,1.71,2022_Flynn_Plate 8
BF15,19921,,rll gr 4,RLL_gr_4,tntc,2.008388521,2.04586593,2.027127226,0.6746,33.73,2022_Flynn_Plate 8
BF16,19921,,rll gr 6/7,RLL_gr_6_7,228,2.035568513,2.042934892,2.039251703,0.5152,25.76,2022_Flynn_Plate 8
BF17,19921,,rll gr 9,RLL_gr_9,42,1.908923643,1.830561798,1.86974272,0.1537,7.685,2022_Flynn_Plate 8
BF18,19921,,rll gr 12,RLL_gr_12,13,1.929503916,1.953678474,1.941591195,0.0364,1.82,2022_Flynn_Plate 8
BF19,19921,,rll gr 13,RLL_gr_13,tntc,2.040912472,2.015060961,2.027986717,0.4165,20.825,2022_Flynn_Plate 8
BF20,19921,,rll 15/17 cluster,RLL_cluster_15_17,74,2.032648126,2.037484885,2.035066505,0.042075,2.10375,2022_Flynn_Plate 8
BF21,19921,,rll gr 16,RLL_gr_16,12,1.02,2.831578947,1.925789474,0.005275,0.26375,2022_Flynn_Plate 8
BF22,19921,,rll gr 18,RLL_gr_18,7,1.954041204,1.83355526,1.893798232,0.032625,1.63125,2022_Flynn_Plate 8
BF23,19921,,rll clust 19/20/21,RLL_cluster_19_20_21,236,2.00302079,2.010215399,2.006618095,0.853175,42.65875,2022_Flynn_Plate 8
BG1,20121,,lax ln,L_Ax_LN,1,1.093959732,1.133333333,1.113646532,-0.004375,-0.21875,2022_Flynn_Plate 8
BH1,20221,,RLL GM,RLL_gr_1,1,1.842368641,1.835696414,1.839032527,0.055125,2.75625,2022_Flynn_Plate 8
BI1,20321,,rll gr 8,RLL_gr_8,1,2.018867925,1.99536608,2.007117002,0.052325,2.61625,2022_Flynn_Plate 8
BI2,20321,,l cran hln 2,L_cran_HLN_2,92,2.171924075,2.148905242,2.160414658,0.494475,24.72375,2022_Flynn_Plate 8
BI3,20321,,r paratrach fat,R_paratrach_fat,3,1.865315852,1.88633461,1.875825231,0.038025,1.90125,2022_Flynn_Plate 8
BI4,20321,,ring ln,R_ing_LN,4,1.98349835,4.014925373,2.999211861,0.010875,0.54375,2022_Flynn_Plate 8
BI5,20321,,cent carin ln gr,Cent_carinal_LN_gr_1,tntc,2.018169352,1.911934015,1.965051684,0.498925,24.94625,2022_Flynn_Plate 8
BI6,20321,,r paratrach ln gr2,R_paratrach_LN_gr_2,tntc,1.958253196,1.965890275,1.962071735,0.438975,21.94875,2022_Flynn_Plate 8
BI7,20321,,r paratrach ln gr1,R_paratrach_LN_gr_1,106,1.8990645,1.865914221,1.882489361,0.099875,4.99375,2022_Flynn_Plate 8
BI8,20321,,r subclav,R_subclav,16,1.706836616,2.025264874,1.866050745,0.049475,2.47375,2022_Flynn_Plate 8
BI9,20321,,l subclav,L_subclav,28,1.885640585,1.846930847,1.866285716,0.057125,2.85625,2022_Flynn_Plate 8
BI10,20321,,"rll cluster 1,2,3",RLL_cluster_1_2_3,89,1.904109589,1.964453387,1.934281488,0.055725,2.78625,2022_Flynn_Plate 8
BI11,20321,,rll gr 4,RLL_gr_4,79,1.905361721,1.882816719,1.89408922,0.431575,21.57875,2022_Flynn_Plate 8
BI12,20321,,rll gr 5,RLL_gr_5,127,1.976387022,1.965375769,1.970881396,0.781275,39.06375,2022_Flynn_Plate 8
BI13,20321,,rll gr 10,RLL_gr_10,81,1.722084925,1.702331288,1.712208107,0.182525,9.12625,2022_Flynn_Plate 8
BI14,20321,,rll gr 7,RLL_gr_7,23,2.427293065,2.077605322,2.252449193,0.025275,1.26375,2022_Flynn_Plate 8
BI15,20321,,rll gr 6,RLL_gr_6,118,2.070715474,1.950184502,2.010449988,0.044325,2.21625,2022_Flynn_Plate 8
BJ1,20421,,lml gm,LML_gr_1,102,2.029717104,1.936623445,1.983170274,0.378475,18.92375,2022_Flynn_Plate 8
BJ2,20421,,lul,LUL,4,1.645648313,1.688455008,1.667051661,0.048025,2.40125,2022_Flynn_Plate 8
BJ3,20421,,lul gm,LUL_gr_1,195,1.991049173,1.996213047,1.99363111,0.423925,21.19625,2022_Flynn_Plate 8
BJ4,20421,,r subclav fat,R_subclav_fat,tntc,2.102652,2.116371181,2.10951159,1.399025,69.95125,2022_Flynn_Plate 8
BJ5,20421,,l subclav fat,L_subclav_fat,tntc,2.112527087,2.241068763,2.176797925,1.074825,53.74125,2022_Flynn_Plate 8
BJ6,20421,,lax ln,L_Ax_LN,2,1.937837838,3.15993266,2.548885249,0.032425,1.62125,2022_Flynn_Plate 8
BJ7,20421,,LLL,LLL,12,1.85890411,1.808764323,1.833834216,0.298675,14.93375,2022_Flynn_Plate 8
BJ8,20421,,LLL B,LLL_gr_B,143,1.790165531,1.601117616,1.695641573,0.121175,6.05875,2022_Flynn_Plate 8
BJ9,20421,,RLL edema,RLL_edema,tntc,1.773952747,2.019769218,1.896860982,3.017625,150.88125,2022_Flynn_Plate 8
BJ10,20421,,RML,RML,tntc,1.928663626,1.936184832,1.932424229,1.1239,56.195,2022_Flynn_Plate 8
BJ11,20421,,RLL,RLL,tntc,2.143958749,2.130494683,2.137226716,2.39095,119.5475,2022_Flynn_Plate 8
BJ12,20421,,RUL,RUL,58,2.100295888,2.127057936,2.113676912,0.93775,46.8875,2022_Flynn_Plate 8
BJ13,20421,,ACC nod airway,ACC_nodular_airway,178,2.01915392,2.085851752,2.052502836,0.71315,35.6575,2022_Flynn_Plate 8
BJ14,20421,,rll 3 consol,RLL_gr_3_consol,tntc,2.064597158,2.142834401,2.10371578,2.7228,136.14,2022_Flynn_Plate 8
BJ15,20421,,rll airway w/ gr,RLL_airway_gr_1,tntc,2.087523693,2.069938385,2.078731039,0.9468,47.34,2022_Flynn_Plate 8
BJ16,20421,,ACC,ACC,192,1.978402468,1.995585252,1.98699386,0.85095,42.5475,2022_Flynn_Plate 8
BJ17,20421,,RLL. 2 consol,RLL_gr_2_consol,tntc,2.08374881,2.063965399,2.073857105,2.0633,103.165,2022_Flynn_Plate 8
BJ18,20421,,RLL 1 consol,RLL_gr_1_consol,tntc,2.077383817,2.018489211,2.047936514,2.27845,113.9225,2022_Flynn_Plate 8
BJ19,20421,,RML 1 consol,RML_gr_1_consol,78,1.926952141,1.681127983,1.804040062,0.0385,1.925,2022_Flynn_Plate 8
BJ20,20421,,acc 1 consol,ACC_gr_1_consol,tntc,2.133333333,2.063812601,2.098572967,1.06915,53.4575,2022_Flynn_Plate 9
BJ21,20421,,LLL lat collapse,LLL_lat_collapse,11,2.091104735,1.960766141,2.025935438,0.4631,23.155,2022_Flynn_Plate 9
BJ22,20421,,RUL gr A,RUL_gr_A,13,1.706454258,1.68868136,1.697567809,1.85855,92.9275,2022_Flynn_Plate 9
BJ23,20421,,ACC gr A,ACC_gr_A,163,2.063119266,2.111706881,2.087413074,0.5174,25.87,2022_Flynn_Plate 9
BJ24,20421,,RML nod area,RML_nod_area,107,2.046141447,1.754441433,1.90029144,1.0904,54.52,2022_Flynn_Plate 9
BJ25,20421,,paraesoph ln 2 gr,paraesoph_LN_2_gr,44,1.744435111,1.893305099,1.818870105,0.9965,49.825,2022_Flynn_Plate 9
BJ26,20421,,LLL gr A,LLL_gr_A,38,1.664814052,1.287221245,1.476017649,2.60425,130.2125,2022_Flynn_Plate 9
BJ27,20421,,LLL med collapse,LLL_med_collapse,37,1.97510917,2.02125,1.998179585,0.4687,23.435,2022_Flynn_Plate 9
BJ28,20421,,rt6 paracost abc,R_T6_paracost_abc,271,1.191303513,0.8211438,1.006223656,0.9192,45.96,2022_Flynn_Plate 9
BJ29,20421,,R diaphragm cluster,R_diaph_cluster,196,1.130950582,1.62283737,1.376893976,1.0063,50.315,2022_Flynn_Plate 9
BJ30,20421,,paraesoph r diaph gr,R_paraesoph_diaph_gr_1,99,1.632750397,1.780582524,1.706666461,0.09995,4.9975,2022_Flynn_Plate 9
BJ31,20421,,spleen w gran,Spleen_gr_1B,tntc,2.081199707,1.853860243,1.967529975,1.9019,95.095,2022_Flynn_Plate 9
BJ32,20421,,spleen gr 1,Spleen_gr_1A,tntc,3.731674959,4.593813831,4.162744395,0.67485,33.7425,2022_Flynn_Plate 9
BJ33,20421,,spleen gr 2,Spleen_gr_2,tntc,2.032258065,2.034678564,2.033468314,0.5233,26.165,2022_Flynn_Plate 9
BJ34,20421,,rt2 paracost abc,R_T2_paracost_abc,45,1.980595084,3.963396779,2.971995932,0.10595,5.2975,2022_Flynn_Plate 9
BJ35,20421,,Liver w gran,Liver_gr_1B,270,1.325891486,0.907297592,1.116594539,1.318,65.9,2022_Flynn_Plate 9
BJ36,20421,,liver gr 1,Liver_gr_1A,37,3.572757017,3.726962821,3.649859919,1.3933,69.665,2022_Flynn_Plate 9
BJ37,20421,,liver gr 2,Liver_gr_2,165,1.687910028,1.744437763,1.716173896,0.11755,5.8775,2022_Flynn_Plate 9
BJ38,20421,,cent carin ln gr,Cent_carinal_LN_gr_1,tntc,2.081151563,1.664233332,1.872692448,2.75875,137.9375,2022_Flynn_Plate 9
BJ39,20421,,r cran hln gr,R_cran_HLN_gr_1,tntc,0.783589326,0.673968263,0.728778795,1.19005,59.5025,2022_Flynn_Plate 9
BJ40,20421,,l cran hln 2 gr,L_cran_HLN_gr_2,tntc,2.078686778,2.11772155,2.098204164,2.1602,108.01,2022_Flynn_Plate 9
BJ41,20421,,lms br ln gr,LMS_Br_LN_gr_1,tntc,1.849186915,1.859633206,1.854410061,0.72685,36.3425,2022_Flynn_Plate 9
BJ42,20421,,rms br ln gr,RMS_Br_LN_gr_1,tntc,1.957398558,1.941471701,1.94943513,0.6164,30.82,2022_Flynn_Plate 9
BJ43,20421,,rms br ln 2 gr,RMS_Br_LN_gr_2,tntc,2.133228878,2.111725794,2.122477336,2.2105,110.525,2022_Flynn_Plate 9
BJ44,20421,,r subclav ln gr,R_subclav_LN_gr_1,tntc,2.314659768,2.323358374,2.319009071,3.29835,164.9175,2022_Flynn_Plate 9
BJ45,20421,,r post trach ln gr,R_post_trach_LN_gr_1,tntc,1.932103522,1.852795413,1.892449467,1.0983,54.915,2022_Flynn_Plate 9
BJ46,20421,,preteach ln gr,Preteach_LN_gr_1,tntc,2.160244205,2.157538999,2.158891602,1.94285,97.1425,2022_Flynn_Plate 9
BJ47,20421,,l paratrach ln gr,L_paratrach_LN_gr_1,tntc,2.090429313,2.133883174,2.112156244,2.35145,117.5725,2022_Flynn_Plate 9
BK1,20521,,LUL 1,LUL_gr_1,24,2.046159146,1.941197308,1.993678227,0.14275,7.1375,2022_Flynn_Plate 9
BK2,20521,,LML,LML,13,1.667116267,1.775656325,1.721386296,0.16095,8.0475,2022_Flynn_Plate 9
BK3,20521,,LML 1,LML_gr_1,54,1.944563662,1.955344585,1.949954124,0.137475,6.87375,2022_Flynn_Plate 9
BK4,20521,,LML 2,LML_gr_2,64,1.971271394,1.960227273,1.965749333,0.079125,3.95625,2022_Flynn_Plate 9
BK5,20521,,LML 3,LML_gr_3,178,1.762536337,1.743673051,1.753104694,0.248725,12.43625,2022_Flynn_Plate 9
BK6,20521,,LLL,LLL,1,1.598832831,2.217350746,1.908091789,0.135875,6.79375,2022_Flynn_Plate 9
BK7,20521,,LLL gm,LLL_gr_1B,30,1.616602687,1.622104247,1.619353467,0.084125,4.20625,2022_Flynn_Plate 9
BK8,20521,,LLL gr 1,LLL_gr_1A,16,2.023044693,1.84407773,1.933561211,0.185675,9.28375,2022_Flynn_Plate 9
BK9,20521,,RLL 1tb p,RLL_1tb_p,tntc,1.699756888,1.733622829,1.716689858,0.331975,16.59875,2022_Flynn_Plate 9
BK10,20521,,RLLgr 2,RLL_gr_2,tntc,1.80971897,1.903206365,1.856462667,0.313275,15.66375,2022_Flynn_Plate 9
BK11,20521,,rll 3-5 pneum,RLL_gr_3_5_pneum,tntc,1.939982622,1.942283951,1.941133286,0.784025,39.20125,2022_Flynn_Plate 9
BK12,20521,,rll 6-10 clust,RLL_cluster_6_to_10,tntc,1.661953042,1.634780279,1.64836666,0.154125,7.70625,2022_Flynn_Plate 9
BK13,20521,,rll gr 11,RLL_gr_11,178,1.791433328,1.769843353,1.780638341,0.40075,20.0375,2022_Flynn_Plate 9
BK14,20521,,rll,RLL,110,1.844364442,1.883801874,1.864083158,0.1712,8.56,2022_Flynn_Plate 9
BK15,20521,,rll gr 12,RLL_gr_12,tntc,2.065875225,2.01167116,2.038773192,1.4699,73.495,2022_Flynn_Plate 9
BK16,20521,,rll gr 13,RLL_gr_13,19,2.008317161,2.068515498,2.038416329,0.1381,6.905,2022_Flynn_Plate 9
BK17,20521,,LUL,LUL,3,1.918044572,1.986394558,1.952219565,0.0954,4.77,2022_Flynn_Plate 9
BK18,20521,,spleen gr 2,Spleen_gr_2,9,2.00505476,1.918128655,1.961591707,0.06665,3.3325,2022_Flynn_Plate 9
BK19,20521,,spleen gr 2,Spleen_gr_2,1,1.988571429,1.879069767,1.933820598,0.0094,0.47,2022_Flynn_Plate 9
BK20,20521,,diaphragm gr,Diaphragr_gr_1,4,1.856239218,1.903689806,1.879964512,0.0784,3.92,2022_Flynn_Plate 9
BK21,20521,,l cran hln 2,L_cran_HLN_2,44,1.874817103,1.862480012,1.868648557,0.3043,15.215,2022_Flynn_Plate 9
BK22,20521,,r cran hln gr,R_cran_HLN_gr_1,17,1.721271394,2.064184852,1.892728123,0.0465,2.325,2022_Flynn_Plate 9
BK23,20521,,r carin gr,R_carinal_gr_1,tntc,1.955149242,1.94868322,1.951916231,0.6365,31.825,2022_Flynn_Plate 9
BK24,20521,,l carin ln,L_carinal_LN,9,1.674084919,1.56266475,1.618374835,0.30595,15.2975,2022_Flynn_Plate 9
BK25,20521,,rms 2 gr,RMA_gr_2,234,1.253337551,1.081748376,1.167542964,1.182,59.1,2022_Flynn_Plate 9
BK26,20521,,l subclav,L_subclav,78,1.989742667,1.966234598,1.977988632,0.5836,29.18,2022_Flynn_Plate 9
BK27,20521,,r subclav gr,R_subclav_gr_1,tntc,2.031036802,2.145760798,2.0883988,3.2955,164.775,2022_Flynn_Plate 9
BK28,20521,,rms 1gr (ring lngr),RMS_gr_1,tntc,1.475705255,1.195556199,1.335630727,0.804,40.2,2022_Flynn_Plate 9
BL1,20621,,RLL A,RLL_gr_A,1,0.979329318,0.905289274,0.942309296,0.9587,47.935,2022_Flynn_Plate 9
BL2,20621,,rll 3,RLL_gr_3,2,2.060308555,1.840871022,1.950589789,0.0642,3.21,2022_Flynn_Plate 9
BL3,20621,,r cran hln gr,R_cran_HLN_gr_1,137,1.988649755,1.867637085,1.92814342,1.6965,84.825,2022_Flynn_Plate 9
BL4,20621,,r carin ln gr,R_carinal_LN_gr_1,295,1.875712356,1.064234866,1.469973611,1.90565,95.2825,2022_Flynn_Plate 9
BM1,20821,,Ling ln,L_ing_LN,1,0.072218461,0.064058568,0.068138514,0.0075,0.375,2022_Flynn_Plate 9
BN1,19221,,LLL,LLL,1,0.54196847,0.435477091,0.488722781,0.02885,1.4425,2022_Flynn_Plate 9
F3,4419,CD4 depleted; IV BCG - 5e7,L cran HLN 2,L_cran_HLN_gr_2,30,Lost,Lost,Lost,,0,Not sequenced
fail1,4419,CD4 depleted; IV BCG - 5e7,RLL gran 4,RLL_gr_4,0,,,#DIV/0!,,0,Not sequenced
fail2,5319,CD8 depleted; IV BCG - 5e7,R carinal LN,R_carinal_LN,0,,,#DIV/0!,,0,Not sequenced
AI1,8521,Saline control; IV BCG,LMS BR LN GR,LMS_Br_LN_gr_1,,1.89514347,1.629859293,1.762501382,,0,Not sequenced
AS6,23019,CD8 depleted; IV BCG - 5e7,Cent Carin LN gran,Cent_carinal_LN_gr_1,1638880,Lost,Lost,Lost,,0,Not sequenced
